{"type":"FeatureCollection","attribution":"Province boundaries: geoBoundaries (CC BY 3.0 IGO), ZIMSTAT / OCHA ROSEA","features":[{"type":"Feature","properties":{"name":"Bulawayo"},"geometry":{"type":"Polygon","coordinates":[[[28.6053,-20.2274],[28.6083,-20.2307],[28.627,-20.2321],[28.6271,-20.2306],[28.635,-20.2288],[28.638,-20.2299],[28.6409,-20.2264],[28.6506,-20.2266],[28.6625,-20.2364],[28.6651,-20.2333],[28.6632,-20.2219],[28.6723,-20.2199],[28.6736,-20.2152],[28.6846,-20.2208],[28.6858,-20.2141],[28.6907,-20.208],[28.6932,-20.2021],[28.6968,-20.2025],[28.6965,-20.191],[28.6756,-20.182],[28.6744,-20.18],[28.677,-20.1763],[28.6703,-20.1723],[28.6752,-20.1682],[28.6694,-20.169],[28.6645,-20.1664],[28.6633,-20.1653],[28.6639,-20.1633],[28.6513,-20.153],[28.6765,-20.1143],[28.6753,-20.1132],[28.669,-20.1135],[28.6592,-20.1116],[28.6554,-20.1115],[28.6524,-20.114],[28.6512,-20.1133],[28.6575,-20.1001],[28.6566,-20.0893],[28.6604,-20.089],[28.662,-20.085],[28.661,-20.0842],[28.6679,-20.0676],[28.6436,-20.0687],[28.6498,-20.0581],[28.6506,-20.0491],[28.6618,-20.028],[28.668,-20.024],[28.6712,-20.0163],[28.6436,-20.0042],[28.6072,-19.9615],[28.5738,-20.0281],[28.5542,-20.0443],[28.5537,-20.0565],[28.5469,-20.0493],[28.5485,-20.0461],[28.5477,-20.0444],[28.5416,-20.0411],[28.5389,-20.0358],[28.5365,-20.0358],[28.5336,-20.0315],[28.5308,-20.0305],[28.5126,-20.043],[28.513,-20.0592],[28.4687,-20.0706],[28.4589,-20.0551],[28.4458,-20.0406],[28.4312,-20.0302],[28.4203,-20.026],[28.4087,-20.018],[28.4151,-20.1185],[28.4041,-20.1187],[28.3967,-20.1346],[28.4154,-20.1325],[28.4281,-20.1536],[28.3874,-20.1539],[28.3978,-20.1702],[28.4425,-20.1777],[28.4401,-20.1704],[28.4369,-20.1671],[28.4378,-20.1625],[28.4325,-20.1614],[28.4309,-20.1599],[28.4315,-20.1577],[28.4914,-20.1707],[28.481,-20.1908],[28.4833,-20.1914],[28.4882,-20.1888],[28.4927,-20.1902],[28.4999,-20.1893],[28.5131,-20.2009],[28.4966,-20.2355],[28.5388,-20.2587],[28.5526,-20.222],[28.5773,-20.2276],[28.6053,-20.2274]]]}},{"type":"Feature","properties":{"name":"Harare"},"geometry":{"type":"Polygon","coordinates":[[[30.8945,-17.949],[30.9017,-17.9574],[30.9082,-17.9552],[30.909,-17.9562],[30.9043,-17.9617],[30.9055,-17.9641],[30.9076,-17.9642],[30.9116,-17.9597],[30.9222,-17.9601],[30.9366,-17.9692],[30.9417,-17.9715],[30.9472,-17.9713],[30.9477,-17.975],[30.951,-17.9775],[30.9603,-17.9781],[30.9605,-17.9813],[30.9678,-17.9827],[30.9711,-17.9783],[30.974,-17.9783],[30.9803,-17.988],[30.9829,-17.9888],[30.9874,-17.9849],[30.9886,-17.9871],[30.9881,-17.9911],[30.995,-17.9976],[30.9997,-17.9977],[31,-17.9994],[30.9976,-18.0011],[30.9945,-18.0009],[30.9992,-18.0058],[31.0026,-18.0055],[31.0028,-18.0116],[31.0054,-18.0122],[31.0071,-18.0146],[31.0096,-18.0128],[31.0118,-18.0155],[31.0184,-18.0129],[31.0231,-18.0153],[31.0253,-18.0181],[31.034,-18.0203],[31.0357,-18.0254],[31.0398,-18.0266],[31.0422,-18.0314],[31.0498,-18.0331],[31.0501,-18.0393],[31.0561,-18.0446],[31.0595,-18.0457],[31.0591,-18.0477],[31.062,-18.0498],[31.0614,-18.0509],[31.0639,-18.048],[31.0709,-18.0476],[31.0734,-18.0439],[31.0811,-18.0401],[31.0819,-18.0409],[31.0912,-18.0335],[31.0943,-18.0326],[31.0963,-18.0349],[31.1002,-18.0352],[31.1118,-18.0334],[31.1159,-18.0311],[31.1271,-18.0197],[31.0965,-18.0035],[31.0736,-17.9998],[31.0659,-17.9892],[31.0598,-17.9868],[31.0568,-17.9838],[31.0564,-17.9781],[31.0649,-17.9801],[31.068,-17.9834],[31.0838,-17.9838],[31.1032,-17.9867],[31.1135,-17.9945],[31.1162,-17.9908],[31.1118,-17.988],[31.1118,-17.9865],[31.1273,-17.9628],[31.1416,-17.959],[31.1339,-17.9505],[31.1373,-17.9498],[31.135,-17.947],[31.1363,-17.9463],[31.1361,-17.9289],[31.1658,-17.9281],[31.1636,-17.9219],[31.1707,-17.9206],[31.1736,-17.9075],[31.1896,-17.9149],[31.1926,-17.9069],[31.192,-17.9032],[31.1982,-17.8968],[31.1979,-17.8897],[31.2043,-17.8859],[31.2118,-17.8866],[31.2086,-17.8796],[31.2154,-17.8797],[31.1951,-17.8619],[31.1963,-17.8593],[31.2195,-17.8512],[31.2217,-17.8493],[31.2201,-17.8398],[31.2151,-17.8205],[31.214,-17.8192],[31.2032,-17.82],[31.2097,-17.8126],[31.1921,-17.805],[31.2118,-17.7926],[31.2012,-17.7749],[31.1959,-17.7494],[31.2021,-17.7425],[31.2015,-17.7296],[31.2098,-17.7265],[31.2054,-17.7119],[31.2004,-17.7121],[31.1973,-17.716],[31.1973,-17.7186],[31.1892,-17.7052],[31.1812,-17.6962],[31.1725,-17.6996],[31.1638,-17.696],[31.1599,-17.7041],[31.1572,-17.7037],[31.1544,-17.7015],[31.1578,-17.6996],[31.1591,-17.6965],[31.1516,-17.6933],[31.1504,-17.6882],[31.147,-17.6862],[31.1439,-17.6893],[31.1462,-17.6916],[31.1458,-17.6941],[31.1481,-17.6955],[31.1483,-17.7007],[31.1379,-17.6977],[31.1391,-17.6962],[31.1388,-17.6925],[31.1221,-17.6913],[31.1162,-17.6939],[31.1189,-17.6809],[31.1169,-17.6773],[31.1154,-17.6678],[31.1015,-17.6656],[31.0888,-17.6656],[31.0854,-17.6732],[31.0844,-17.6801],[31.0788,-17.6803],[31.074,-17.687],[31.0817,-17.7304],[31.0463,-17.7402],[31.0416,-17.7324],[31.0375,-17.7374],[31.0259,-17.7271],[31.0262,-17.7392],[30.9956,-17.7371],[30.9755,-17.7188],[30.9625,-17.7139],[30.9508,-17.7094],[30.9486,-17.7571],[30.9086,-17.7643],[30.9185,-17.7794],[30.9052,-17.7772],[30.8902,-17.7805],[30.8893,-17.796],[30.8959,-17.8011],[30.8832,-17.8111],[30.8901,-17.8264],[30.8991,-17.8657],[30.8968,-17.8691],[30.8858,-17.8677],[30.8811,-17.8741],[30.8774,-17.8755],[30.9366,-17.9119],[30.8869,-17.9364],[30.8945,-17.949]]]}},{"type":"Feature","properties":{"name":"Manicaland"},"geometry":{"type":"Polygon","coordinates":[[[32.445,-21.3089],[32.4526,-21.3097],[32.4802,-21.3272],[32.4761,-21.3104],[32.4508,-21.2734],[32.4364,-21.2561],[32.4336,-21.2503],[32.4248,-21.2423],[32.4247,-21.2407],[32.4288,-21.2374],[32.427,-21.2326],[32.4294,-21.2317],[32.424,-21.2269],[32.4206,-21.2272],[32.4186,-21.226],[32.417,-21.2226],[32.4134,-21.2206],[32.4109,-21.2159],[32.4084,-21.2145],[32.4088,-21.2117],[32.4007,-21.2073],[32.3964,-21.1986],[32.3972,-21.1929],[32.3941,-21.1889],[32.3969,-21.1859],[32.3988,-21.1805],[32.4075,-21.1759],[32.4135,-21.1751],[32.4132,-21.1738],[32.4064,-21.1692],[32.3963,-21.1657],[32.3937,-21.1621],[32.3923,-21.1622],[32.3907,-21.1653],[32.3844,-21.1626],[32.3831,-21.1595],[32.3903,-21.157],[32.3807,-21.146],[32.3783,-21.1439],[32.3753,-21.1453],[32.363,-21.1396],[32.3701,-21.1338],[32.3779,-21.1233],[32.3832,-21.122],[32.3801,-21.1143],[32.3802,-21.1096],[32.3874,-21.1039],[32.4803,-21.0002],[32.4875,-20.9897],[32.5243,-20.907],[32.5135,-20.8571],[32.5022,-20.8136],[32.4981,-20.7516],[32.4963,-20.7495],[32.4942,-20.717],[32.503,-20.7107],[32.4944,-20.6995],[32.4946,-20.6929],[32.4916,-20.6819],[32.4925,-20.6772],[32.4858,-20.6705],[32.4933,-20.6695],[32.4927,-20.6675],[32.4952,-20.6655],[32.494,-20.6619],[32.4884,-20.6599],[32.4899,-20.6562],[32.4853,-20.655],[32.4894,-20.6534],[32.4872,-20.6513],[32.4901,-20.6497],[32.4906,-20.6422],[32.494,-20.6453],[32.4953,-20.6441],[32.495,-20.6382],[32.4916,-20.6375],[32.4946,-20.6356],[32.4954,-20.6297],[32.5007,-20.6302],[32.5036,-20.6275],[32.5027,-20.6256],[32.4971,-20.6251],[32.4985,-20.6217],[32.5037,-20.6221],[32.5049,-20.6207],[32.5013,-20.6168],[32.5013,-20.6133],[32.4981,-20.6141],[32.4982,-20.6115],[32.5031,-20.6071],[32.5077,-20.6079],[32.5082,-20.6067],[32.5059,-20.6055],[32.5083,-20.5991],[32.5103,-20.5994],[32.5149,-20.5955],[32.521,-20.5929],[32.5669,-20.5529],[32.6676,-20.5545],[32.761,-20.4152],[32.8062,-20.3654],[32.8036,-20.3419],[32.86,-20.2902],[32.8728,-20.276],[32.8666,-20.2719],[32.8638,-20.2583],[32.8707,-20.2489],[32.8744,-20.2326],[32.8614,-20.226],[32.8579,-20.2292],[32.8478,-20.2197],[32.8501,-20.2039],[32.8485,-20.1936],[32.8598,-20.1893],[32.8743,-20.1873],[32.8742,-20.1776],[32.8692,-20.1624],[32.8626,-20.1527],[32.8704,-20.1437],[32.8615,-20.1348],[32.8676,-20.1283],[32.8667,-20.1189],[32.8706,-20.1095],[32.8702,-20.1036],[32.8835,-20.0921],[32.8925,-20.0911],[32.8942,-20.1065],[32.9095,-20.109],[32.9235,-20.0981],[32.9406,-20.0977],[32.937,-20.0938],[32.9185,-20.0498],[32.9211,-20.043],[32.9272,-20.0397],[32.9348,-20.0386],[32.945,-20.0402],[32.9559,-20.0341],[32.9638,-20.0387],[32.9753,-20.0372],[32.9818,-20.0345],[32.9886,-20.0275],[32.9971,-20.0274],[32.9985,-20.0261],[33.01,-20.0291],[33.0145,-20.0318],[33.03,-20.0336],[33.0287,-20.0249],[33.0254,-20.017],[33.0266,-20.0148],[33.0251,-20.0124],[33.0266,-20.0103],[33.0237,-19.9898],[33.0253,-19.9556],[33.0406,-19.8696],[33.048,-19.8426],[33.0473,-19.8091],[33.0618,-19.7746],[33.0145,-19.7476],[33.0077,-19.7502],[33.0026,-19.7459],[32.9838,-19.7402],[32.9739,-19.7289],[32.9674,-19.7287],[32.9602,-19.7192],[32.9559,-19.7161],[32.9561,-19.7106],[32.9852,-19.6881],[32.9861,-19.6798],[32.9751,-19.6492],[32.9567,-19.6551],[32.9362,-19.672],[32.9152,-19.6754],[32.9074,-19.6813],[32.9044,-19.6786],[32.8955,-19.682],[32.8845,-19.6831],[32.8767,-19.678],[32.8609,-19.6799],[32.8537,-19.6836],[32.8411,-19.6783],[32.8323,-19.6699],[32.8313,-19.6665],[32.8401,-19.6555],[32.8465,-19.653],[32.8448,-19.6336],[32.8536,-19.6284],[32.857,-19.6168],[32.8502,-19.612],[32.8457,-19.6049],[32.8501,-19.6001],[32.8504,-19.5904],[32.8531,-19.5842],[32.8586,-19.5436],[32.8518,-19.5401],[32.8483,-19.5283],[32.8457,-19.5282],[32.8405,-19.5114],[32.8435,-19.4988],[32.8454,-19.4746],[32.7933,-19.4746],[32.7763,-19.456],[32.7801,-19.4318],[32.7779,-19.4086],[32.7895,-19.3933],[32.7879,-19.3914],[32.7912,-19.3874],[32.7874,-19.384],[32.7872,-19.3751],[32.7804,-19.359],[32.7766,-19.3545],[32.7843,-19.3523],[32.7906,-19.3457],[32.8108,-19.3342],[32.8222,-19.3176],[32.8366,-19.3109],[32.8561,-19.2781],[32.8485,-19.2428],[32.8533,-19.2362],[32.8508,-19.2252],[32.8591,-19.2223],[32.8685,-19.1379],[32.8752,-19.1279],[32.8776,-19.1145],[32.8847,-19.1022],[32.8765,-19.0848],[32.8764,-19.0725],[32.8687,-19.0719],[32.8632,-19.0757],[32.8509,-19.0613],[32.8477,-19.0242],[32.8456,-19.0144],[32.8407,-19.0093],[32.8058,-19.0188],[32.7987,-19.0169],[32.7756,-19.0181],[32.7756,-19.0257],[32.7496,-19.0259],[32.7487,-19.0236],[32.7169,-19.0238],[32.7143,-19.0006],[32.7014,-18.9871],[32.7,-18.9835],[32.7111,-18.9819],[32.6983,-18.936],[32.6987,-18.9348],[32.7052,-18.9358],[32.7172,-18.9311],[32.7256,-18.9303],[32.7417,-18.9248],[32.7387,-18.9208],[32.7357,-18.9205],[32.7336,-18.9184],[32.7267,-18.9048],[32.7241,-18.8884],[32.7275,-18.8842],[32.7251,-18.8788],[32.725,-18.8717],[32.7166,-18.862],[32.7158,-18.8561],[32.7134,-18.8562],[32.7097,-18.8539],[32.7085,-18.8496],[32.7027,-18.8412],[32.7112,-18.8296],[32.7209,-18.8224],[32.7265,-18.8203],[32.7298,-18.8233],[32.7354,-18.8172],[32.7358,-18.8143],[32.7391,-18.814],[32.743,-18.81],[32.7487,-18.8087],[32.7524,-18.8128],[32.7569,-18.8121],[32.7783,-18.7967],[32.7841,-18.7974],[32.7872,-18.7953],[32.792,-18.7949],[32.7978,-18.7895],[32.8036,-18.7875],[32.8146,-18.7788],[32.8448,-18.7764],[32.8798,-18.798],[32.8951,-18.7955],[32.9069,-18.7918],[32.913,-18.7855],[32.9194,-18.783],[32.9291,-18.7732],[32.9318,-18.7679],[32.9369,-18.768],[32.9367,-18.7596],[32.9417,-18.7506],[32.9453,-18.7325],[32.9487,-18.7308],[32.952,-18.7241],[32.9534,-18.7075],[32.959,-18.7053],[32.9619,-18.6838],[32.9341,-18.6442],[32.9289,-18.639],[32.9104,-18.6112],[32.9085,-18.6003],[32.9103,-18.5871],[32.8965,-18.5816],[32.8953,-18.5784],[32.8913,-18.5748],[32.8902,-18.5723],[32.9005,-18.5433],[32.8759,-18.5173],[32.8884,-18.5112],[32.8965,-18.511],[32.8986,-18.5044],[32.9047,-18.5021],[32.9093,-18.4972],[32.9146,-18.4995],[32.9158,-18.5032],[32.9199,-18.5018],[32.9239,-18.5032],[32.926,-18.5021],[32.9259,-18.4997],[32.9351,-18.4973],[32.936,-18.4923],[32.9398,-18.4946],[32.9446,-18.4917],[32.9501,-18.4913],[32.9511,-18.4861],[32.9584,-18.483],[32.9603,-18.4798],[32.9713,-18.4729],[32.9764,-18.4731],[32.9798,-18.4715],[32.9771,-18.4789],[32.9817,-18.4874],[32.9815,-18.4924],[32.983,-18.4927],[32.9844,-18.4906],[33.0258,-18.4664],[33.0281,-18.4633],[33.0289,-18.4584],[33.0283,-18.4343],[33.0299,-18.4284],[33.0274,-18.4267],[33.0225,-18.4269],[33.0191,-18.4255],[33.0189,-18.4194],[33.0303,-18.404],[33.0291,-18.4],[33.0316,-18.3907],[33.0371,-18.3857],[33.0395,-18.3808],[33.047,-18.3754],[33.0483,-18.3757],[33.0507,-18.3827],[33.0531,-18.3829],[33.0572,-18.3796],[33.0579,-18.3777],[33.0561,-18.3751],[33.0572,-18.3714],[33.0597,-18.3703],[33.0582,-18.365],[33.0604,-18.3641],[33.0642,-18.3582],[33.0628,-18.3542],[33.0644,-18.3529],[33.0647,-18.3489],[33.0672,-18.3465],[33.0655,-18.3425],[33.0597,-18.339],[33.0564,-18.339],[33.0521,-18.3316],[33.053,-18.3231],[33.0545,-18.3225],[33.0545,-18.3163],[33.0459,-18.3175],[33.0443,-18.3202],[33.0416,-18.3161],[33.0392,-18.3171],[33.0369,-18.3144],[33.0354,-18.3182],[33.0346,-18.3149],[33.0285,-18.309],[33.0286,-18.3066],[33.0272,-18.3062],[33.0251,-18.308],[33.0216,-18.2989],[33.0191,-18.2985],[33.0158,-18.2951],[33.0162,-18.2894],[33.0195,-18.2873],[33.011,-18.2792],[33.0197,-18.2768],[33.0181,-18.275],[33.0188,-18.273],[33.0137,-18.2693],[33.0167,-18.2684],[33.0174,-18.2627],[33.0158,-18.2579],[33.023,-18.2495],[33.0203,-18.2456],[33.0153,-18.2447],[33.0161,-18.2388],[33.0184,-18.238],[33.0191,-18.236],[33.022,-18.2356],[33.0214,-18.2268],[33.0185,-18.2247],[33.0189,-18.222],[33.0164,-18.2191],[33.0181,-18.2087],[33.012,-18.2018],[33.0091,-18.195],[33.0107,-18.1882],[33.01,-18.1749],[33.0039,-18.1707],[33.0013,-18.167],[33.002,-18.1652],[32.9978,-18.162],[32.9992,-18.1583],[32.9982,-18.1557],[32.9925,-18.1578],[32.9915,-18.1553],[32.9867,-18.1564],[32.9826,-18.1535],[32.9796,-18.1463],[32.9824,-18.1429],[32.9788,-18.1422],[32.9778,-18.1398],[32.9749,-18.1392],[32.976,-18.1365],[32.9721,-18.1336],[32.9732,-18.1294],[32.9758,-18.1299],[32.976,-18.1263],[32.9781,-18.1252],[32.9758,-18.1147],[32.9773,-18.1137],[32.9808,-18.1147],[32.982,-18.1099],[32.9755,-18.1108],[32.9742,-18.1074],[32.9709,-18.1056],[32.9721,-18.1019],[32.9676,-18.0934],[32.9679,-18.0923],[32.9706,-18.0921],[32.9707,-18.0884],[32.9675,-18.0866],[32.9654,-18.0874],[32.9641,-18.0847],[32.959,-18.0828],[32.9594,-18.081],[32.9628,-18.0805],[32.9641,-18.078],[32.9606,-18.0733],[32.9595,-18.0675],[32.9571,-18.0687],[32.9549,-18.0669],[32.9575,-18.0622],[32.9566,-18.0599],[32.9535,-18.0593],[32.9476,-18.05],[32.9529,-18.049],[32.953,-18.0534],[32.9594,-18.0499],[32.9575,-18.0461],[32.9546,-18.0455],[32.9527,-18.0431],[32.9523,-18.0394],[32.9478,-18.038],[32.9504,-18.0257],[32.9442,-18.0259],[32.9401,-18.0307],[32.9357,-18.0299],[32.9374,-18.028],[32.9365,-18.0232],[32.9397,-18.0223],[32.942,-18.0188],[32.9401,-18.0161],[32.9378,-18.016],[32.9384,-18.0122],[32.9472,-18.004],[32.9544,-18.0009],[32.956,-17.998],[32.9515,-17.9893],[32.9455,-17.9903],[32.9433,-17.9858],[32.9373,-17.983],[32.9451,-17.9777],[32.9467,-17.9711],[32.946,-17.9674],[32.952,-17.9593],[32.9573,-17.9592],[32.9649,-17.9627],[32.9677,-17.9617],[32.9698,-17.957],[32.9686,-17.9519],[32.9721,-17.9477],[32.9732,-17.9431],[32.9719,-17.9388],[32.9754,-17.9381],[32.9725,-17.9331],[32.9751,-17.9308],[32.9721,-17.9251],[32.9737,-17.917],[32.9751,-17.9157],[32.9814,-17.9174],[32.9834,-17.9167],[32.9774,-17.9075],[32.9698,-17.9111],[32.9538,-17.9107],[32.9556,-17.9095],[32.9551,-17.9004],[32.9526,-17.895],[32.9549,-17.8936],[32.9495,-17.8875],[32.9527,-17.8856],[32.9519,-17.8785],[32.9547,-17.8749],[32.9534,-17.8719],[32.9573,-17.873],[32.9614,-17.8701],[32.961,-17.8615],[32.9641,-17.8575],[32.9654,-17.8502],[32.9623,-17.8471],[32.9679,-17.8421],[32.9672,-17.8339],[32.9636,-17.8248],[32.9606,-17.821],[32.9631,-17.8191],[32.9607,-17.8113],[32.9647,-17.8089],[32.967,-17.8049],[32.971,-17.8034],[32.9741,-17.7964],[32.9761,-17.7972],[32.9763,-17.7994],[32.9777,-17.7982],[32.9811,-17.7996],[32.9847,-17.7942],[32.9877,-17.7947],[32.9906,-17.7976],[32.9941,-17.7979],[32.9958,-17.8011],[33.0045,-17.8009],[33.0053,-17.7957],[33.0085,-17.7974],[33.0132,-17.8039],[33.0154,-17.8037],[33.0191,-17.7999],[33.014,-17.7956],[33.0134,-17.7915],[33.0148,-17.7871],[33.0116,-17.7833],[33.0172,-17.7845],[33.0219,-17.7817],[33.023,-17.7765],[33.0226,-17.7755],[33.0192,-17.7763],[33.0191,-17.7689],[33.0172,-17.7637],[33.0213,-17.7591],[33.0304,-17.7583],[33.0287,-17.7525],[33.0291,-17.7464],[33.0267,-17.7443],[33.0242,-17.7492],[33.0162,-17.7508],[33.0152,-17.7437],[33.0103,-17.745],[33.0056,-17.7417],[33.0054,-17.7396],[33.0097,-17.7347],[33.0068,-17.7311],[33.011,-17.7259],[33.0114,-17.7158],[33.0219,-17.7226],[33.0279,-17.72],[33.0259,-17.7127],[33.0233,-17.7116],[33.023,-17.7088],[33.0168,-17.7087],[33.0155,-17.7075],[33.0178,-17.701],[33.0157,-17.6967],[33.0168,-17.6854],[33.0182,-17.6838],[33.0236,-17.6834],[33.0223,-17.6801],[33.0183,-17.6779],[33.019,-17.6749],[33.0237,-17.672],[33.0206,-17.6673],[33.0216,-17.6611],[33.0228,-17.6598],[33.0255,-17.6609],[33.0316,-17.657],[33.0311,-17.6463],[33.0358,-17.6445],[33.0387,-17.6373],[33.0468,-17.6325],[33.0436,-17.6252],[33.0455,-17.617],[33.0446,-17.6143],[33.0469,-17.6114],[33.0465,-17.6059],[33.0479,-17.6042],[33.0536,-17.603],[33.0432,-17.5949],[33.04,-17.5855],[33.0198,-17.5688],[33.0098,-17.5667],[33.0065,-17.5636],[32.9995,-17.5665],[32.996,-17.5663],[32.9897,-17.5597],[32.9838,-17.5571],[32.9822,-17.5541],[32.9818,-17.5425],[32.9697,-17.5232],[32.9638,-17.498],[32.964,-17.4864],[32.9668,-17.4776],[32.9692,-17.4759],[32.9749,-17.4761],[32.9921,-17.4519],[32.9948,-17.4503],[32.9992,-17.4523],[33.0019,-17.451],[32.9996,-17.4403],[33.0085,-17.4279],[33.0097,-17.4248],[33.0082,-17.4216],[33.0111,-17.4175],[33.0054,-17.3974],[33.0059,-17.3951],[33.0123,-17.3942],[33.0131,-17.3921],[33.0167,-17.3911],[33.0163,-17.3849],[33.0203,-17.3818],[33.021,-17.3757],[33.0281,-17.368],[33.0298,-17.3619],[33.0402,-17.3525],[33.0504,-17.3465],[33.0531,-17.3426],[33.0029,-17.3082],[32.9989,-17.3042],[32.9943,-17.2457],[32.9628,-17.2596],[32.9485,-17.2619],[32.9407,-17.2613],[32.9248,-17.2632],[32.9197,-17.2699],[32.9158,-17.2709],[32.9139,-17.2744],[32.9075,-17.2766],[32.8975,-17.2751],[32.8917,-17.2777],[32.8896,-17.2758],[32.8849,-17.2757],[32.8799,-17.2786],[32.87,-17.2791],[32.8596,-17.2874],[32.8549,-17.293],[32.8541,-17.3028],[32.8484,-17.3127],[32.8435,-17.3167],[32.8405,-17.3176],[32.8252,-17.3166],[32.8138,-17.3271],[32.8071,-17.3289],[32.8011,-17.3353],[32.793,-17.3347],[32.7788,-17.3469],[32.7705,-17.3552],[32.7697,-17.3592],[32.7662,-17.3627],[32.7632,-17.3692],[32.7586,-17.372],[32.7594,-17.3784],[32.7574,-17.3797],[32.7535,-17.3921],[32.7332,-17.4274],[32.7323,-17.4421],[32.735,-17.4503],[32.7338,-17.4578],[32.7238,-17.4624],[32.7131,-17.472],[32.7046,-17.4753],[32.683,-17.4783],[32.6743,-17.4809],[32.6637,-17.4848],[32.656,-17.4896],[32.6499,-17.4906],[32.6394,-17.4986],[32.6393,-17.5023],[32.6432,-17.5097],[32.6448,-17.5166],[32.6454,-17.5262],[32.6437,-17.5395],[32.6392,-17.5527],[32.6354,-17.558],[32.6293,-17.5591],[32.6276,-17.5697],[32.6248,-17.5697],[32.6215,-17.5654],[32.6121,-17.5612],[32.6104,-17.5643],[32.6038,-17.5681],[32.6027,-17.5723],[32.5938,-17.5755],[32.5894,-17.5858],[32.5879,-17.5875],[32.5828,-17.5886],[32.5794,-17.6059],[32.5745,-17.6035],[32.5714,-17.6047],[32.5687,-17.6016],[32.568,-17.5972],[32.5644,-17.6007],[32.5625,-17.5963],[32.5588,-17.5994],[32.5565,-17.6059],[32.5505,-17.6065],[32.5514,-17.6153],[32.5484,-17.6194],[32.5464,-17.6194],[32.5421,-17.6155],[32.5363,-17.6146],[32.5333,-17.6174],[32.5307,-17.6176],[32.5244,-17.6147],[32.519,-17.6149],[32.5123,-17.6101],[32.5026,-17.6088],[32.4935,-17.6191],[32.4917,-17.6242],[32.4825,-17.6264],[32.48,-17.6239],[32.4732,-17.6267],[32.4706,-17.6339],[32.4704,-17.6396],[32.4649,-17.6468],[32.461,-17.6482],[32.4541,-17.6538],[32.4484,-17.6554],[32.4423,-17.6604],[32.4427,-17.6642],[32.4458,-17.6652],[32.4425,-17.6699],[32.4355,-17.6722],[32.4254,-17.6639],[32.4221,-17.6632],[32.4124,-17.6716],[32.408,-17.6708],[32.4021,-17.6736],[32.3914,-17.6717],[32.382,-17.6746],[32.376,-17.6813],[32.3657,-17.6888],[32.3519,-17.6962],[32.3383,-17.7069],[32.3313,-17.7089],[32.3269,-17.7181],[32.3249,-17.7198],[32.319,-17.7231],[32.3091,-17.7215],[32.3009,-17.7252],[32.2916,-17.7339],[32.2932,-17.7391],[32.2908,-17.7418],[32.2806,-17.743],[32.2757,-17.7464],[32.2677,-17.76],[32.2687,-17.7641],[32.2657,-17.7706],[32.2609,-17.7716],[32.2457,-17.7876],[32.2392,-17.7894],[32.2314,-17.796],[32.2265,-17.7978],[32.2147,-17.812],[32.2053,-17.8164],[32.2022,-17.8204],[32.1909,-17.8199],[32.1842,-17.8277],[32.175,-17.8287],[32.1637,-17.8337],[32.1606,-17.8335],[32.1551,-17.8402],[32.1489,-17.8423],[32.1476,-17.8451],[32.1497,-17.8485],[32.1514,-17.858],[32.1488,-17.8599],[32.1429,-17.8744],[32.1462,-17.8956],[32.1436,-17.9023],[32.1409,-17.9049],[32.1414,-17.9095],[32.1476,-17.9126],[32.1481,-17.9146],[32.1455,-17.9168],[32.1477,-17.9283],[32.1384,-17.9319],[32.1276,-17.9423],[32.1002,-17.9638],[32.0801,-17.9861],[32.053,-18.0092],[32.0514,-18.0155],[32.047,-18.0221],[32.0426,-18.0245],[32.0364,-18.0324],[32.0229,-18.0435],[32.0175,-18.0453],[32.0172,-18.0482],[32.0137,-18.0535],[32.0068,-18.0547],[31.9913,-18.0674],[31.9852,-18.0706],[31.9801,-18.0776],[31.9735,-18.0803],[31.9772,-18.0865],[31.9945,-18.1063],[32.0005,-18.1444],[31.8684,-18.142],[31.8692,-18.1484],[31.8723,-18.1518],[31.8717,-18.1551],[31.8745,-18.1654],[31.8737,-18.1699],[31.8749,-18.1733],[31.8656,-18.1862],[31.8686,-18.1931],[31.8649,-18.2015],[31.866,-18.2043],[31.8637,-18.2128],[31.8646,-18.2167],[31.8634,-18.2206],[31.8647,-18.2247],[31.8607,-18.2332],[31.8606,-18.2371],[31.8565,-18.2385],[31.8554,-18.2402],[31.8545,-18.2476],[31.8577,-18.2553],[31.855,-18.2592],[31.8568,-18.2622],[31.8568,-18.273],[31.8533,-18.2762],[31.8598,-18.2845],[31.8569,-18.289],[31.8594,-18.2964],[31.8583,-18.3021],[31.8588,-18.3172],[31.8642,-18.3295],[31.8563,-18.347],[31.8545,-18.3639],[31.8502,-18.3672],[31.8445,-18.3784],[31.8416,-18.3804],[31.8451,-18.3876],[31.8408,-18.3882],[31.8322,-18.3931],[31.8308,-18.3974],[31.8313,-18.3999],[31.8364,-18.4029],[31.845,-18.4149],[31.8443,-18.4272],[31.8149,-18.4357],[31.7618,-18.4476],[31.7494,-18.4989],[31.7218,-18.5133],[31.7503,-18.5368],[31.747,-18.5468],[31.7716,-18.5707],[31.7699,-18.5736],[31.7708,-18.5795],[31.7564,-18.5914],[31.7556,-18.5973],[31.7509,-18.6014],[31.7524,-18.6053],[31.7583,-18.6117],[31.7586,-18.6167],[31.7568,-18.6226],[31.7632,-18.636],[31.7725,-18.6395],[31.7723,-18.6466],[31.7738,-18.6493],[31.7814,-18.6543],[31.7817,-18.658],[31.7857,-18.6631],[31.7859,-18.669],[31.7872,-18.6695],[31.7901,-18.6673],[31.7927,-18.668],[31.7956,-18.6761],[31.8133,-18.6948],[31.8303,-18.723],[31.8337,-18.7355],[31.8297,-18.7436],[31.8297,-18.7471],[31.8417,-18.7463],[31.8482,-18.7517],[31.852,-18.7524],[31.8581,-18.7485],[31.8691,-18.7456],[31.8831,-18.7485],[31.8884,-18.7588],[31.8922,-18.7626],[31.9026,-18.7872],[31.9082,-18.7936],[31.9091,-18.7982],[31.9066,-18.8125],[31.9084,-18.815],[31.9085,-18.8191],[31.9066,-18.822],[31.9068,-18.8339],[31.9093,-18.8437],[31.9133,-18.8493],[31.9123,-18.8633],[31.9139,-18.8706],[31.9172,-18.8748],[31.9175,-18.8918],[31.921,-18.905],[31.9232,-18.907],[31.9291,-18.9078],[31.9319,-18.9043],[31.9342,-18.9041],[31.9462,-18.9127],[31.9516,-18.9212],[31.9541,-18.9208],[31.9517,-18.9247],[31.9483,-18.938],[31.9526,-18.9411],[31.9566,-18.9481],[31.9673,-18.959],[31.9699,-18.9663],[31.9759,-18.9701],[31.9753,-18.9961],[31.9785,-19.0055],[31.9757,-19.0108],[31.9743,-19.0227],[31.975,-19.0345],[31.9774,-19.0422],[31.9765,-19.0461],[31.9691,-19.0531],[31.9719,-19.0691],[31.9697,-19.0846],[31.9714,-19.0932],[31.9826,-19.1121],[31.9836,-19.1159],[31.9819,-19.1195],[31.9722,-19.1233],[31.9661,-19.1162],[31.9633,-19.1152],[31.9576,-19.1157],[31.9539,-19.1178],[31.9407,-19.1159],[31.9258,-19.123],[31.9113,-19.1225],[31.8983,-19.1146],[31.8955,-19.1146],[31.8929,-19.1176],[31.8863,-19.1147],[31.8803,-19.1168],[31.8782,-19.1135],[31.8607,-19.1017],[31.8549,-19.1037],[31.8422,-19.1012],[31.8374,-19.0977],[31.8325,-19.0865],[31.8203,-19.0852],[31.8126,-19.0802],[31.8116,-19.0779],[31.8132,-19.0713],[31.8064,-19.0666],[31.8038,-19.0606],[31.8017,-19.0591],[31.7975,-19.0601],[31.7951,-19.0519],[31.7909,-19.0491],[31.7845,-19.0478],[31.7744,-19.0349],[31.7693,-19.0325],[31.7564,-19.031],[31.7473,-19.0279],[31.7388,-19.0277],[31.7326,-19.0233],[31.7267,-19.0215],[31.7228,-19.0248],[31.72,-19.0248],[31.7202,-19.031],[31.7122,-19.034],[31.713,-19.0375],[31.712,-19.0383],[31.6966,-19.0379],[31.6908,-19.0434],[31.6879,-19.0424],[31.6813,-19.0432],[31.6751,-19.0416],[31.6681,-19.043],[31.6663,-19.0413],[31.6619,-19.0428],[31.66,-19.0409],[31.6543,-19.0405],[31.6496,-19.0375],[31.6369,-19.0407],[31.6343,-19.0398],[31.6324,-19.0367],[31.6288,-19.0389],[31.6242,-19.0382],[31.6269,-19.0341],[31.6258,-19.0307],[31.6227,-19.0295],[31.6205,-19.0231],[31.6161,-19.0201],[31.6072,-19.0195],[31.6033,-19.0173],[31.5958,-19.0174],[31.5897,-19.0113],[31.5988,-19.049],[31.5916,-19.0746],[31.5242,-19.1675],[31.5192,-19.1687],[31.5165,-19.1675],[31.5118,-19.1604],[31.5068,-19.1594],[31.5039,-19.157],[31.5038,-19.152],[31.5024,-19.1504],[31.4934,-19.1506],[31.4878,-19.1476],[31.4831,-19.1564],[31.4805,-19.1564],[31.4682,-19.1434],[31.4663,-19.1382],[31.4672,-19.133],[31.4656,-19.1291],[31.4601,-19.1229],[31.454,-19.1119],[31.4427,-19.1015],[31.4417,-19.0936],[31.4363,-19.0946],[31.4358,-19.0972],[31.4329,-19.0985],[31.4305,-19.1039],[31.4259,-19.108],[31.4174,-19.1098],[31.4119,-19.1154],[31.4067,-19.116],[31.4029,-19.1121],[31.3986,-19.1111],[31.3935,-19.1043],[31.3912,-19.1043],[31.3912,-19.1076],[31.3884,-19.1073],[31.3805,-19.0984],[31.3767,-19.0967],[31.3756,-19.0896],[31.3736,-19.0872],[31.3681,-19.0897],[31.3635,-19.0897],[31.3559,-19.087],[31.3478,-19.0817],[31.3446,-19.0813],[31.3393,-19.086],[31.3152,-19.0891],[31.3189,-19.1277],[31.3296,-19.1501],[31.2975,-19.1574],[31.3031,-19.1944],[31.3048,-19.2205],[31.1885,-19.2338],[31.1932,-19.2407],[31.2036,-19.2398],[31.2093,-19.2444],[31.2178,-19.2448],[31.2306,-19.2548],[31.2414,-19.2586],[31.2502,-19.2673],[31.2588,-19.2729],[31.2838,-19.2808],[31.2939,-19.2911],[31.3112,-19.2995],[31.3181,-19.3094],[31.3252,-19.3115],[31.3383,-19.3188],[31.354,-19.3292],[31.3588,-19.3351],[31.3649,-19.3369],[31.3821,-19.3522],[31.396,-19.3688],[31.4021,-19.3705],[31.4068,-19.3743],[31.4111,-19.3748],[31.4251,-19.37],[31.431,-19.3769],[31.4338,-19.3775],[31.4402,-19.3627],[31.4438,-19.3601],[31.4484,-19.3624],[31.4519,-19.3692],[31.4613,-19.3813],[31.4641,-19.381],[31.4773,-19.3727],[31.48,-19.3727],[31.4893,-19.3768],[31.4903,-19.3836],[31.4923,-19.3852],[31.5032,-19.3854],[31.5122,-19.3889],[31.5216,-19.3905],[31.5264,-19.3947],[31.525,-19.4057],[31.5275,-19.4118],[31.5486,-19.4173],[31.5606,-19.4372],[31.5636,-19.4449],[31.5669,-19.4476],[31.573,-19.4569],[31.5832,-19.4539],[31.5863,-19.456],[31.5896,-19.4559],[31.5937,-19.4507],[31.5998,-19.4503],[31.6104,-19.4471],[31.6146,-19.4519],[31.6171,-19.4581],[31.622,-19.4634],[31.6324,-19.4609],[31.6396,-19.4575],[31.6418,-19.4582],[31.6456,-19.4642],[31.6493,-19.4665],[31.6567,-19.4662],[31.6689,-19.4609],[31.6746,-19.4614],[31.6778,-19.4683],[31.6777,-19.4709],[31.6752,-19.4743],[31.6764,-19.478],[31.6759,-19.4866],[31.6793,-19.4927],[31.6784,-19.4972],[31.6818,-19.506],[31.6832,-19.5223],[31.7031,-19.5243],[31.7095,-19.5286],[31.7143,-19.5405],[31.7265,-19.5424],[31.7335,-19.5602],[31.7361,-19.5797],[31.7393,-19.584],[31.7563,-19.5858],[31.7609,-19.5833],[31.7701,-19.5837],[31.772,-19.5847],[31.7747,-19.5901],[31.7857,-19.5917],[31.791,-19.594],[31.7913,-19.5999],[31.7955,-19.6051],[31.8022,-19.6069],[31.8162,-19.6175],[31.8255,-19.6203],[31.8277,-19.6304],[31.8235,-19.6552],[31.8329,-19.6569],[31.8346,-19.6589],[31.8353,-19.6649],[31.843,-19.6679],[31.8435,-19.6785],[31.8489,-19.6818],[31.8559,-19.683],[31.8584,-19.685],[31.8589,-19.6838],[31.877,-19.702],[31.8959,-19.7085],[31.8994,-19.7118],[31.9191,-19.7548],[31.9267,-19.768],[31.9678,-19.7996],[31.9778,-19.8402],[31.9848,-19.849],[31.9996,-19.8578],[32.0037,-19.8578],[32.0166,-19.8632],[32.0334,-19.8653],[32.0523,-19.8621],[32.0619,-19.8641],[32.0669,-19.868],[32.0758,-19.8701],[32.0774,-19.8714],[32.0829,-19.8874],[32.086,-19.8912],[32.09,-19.893],[32.0931,-19.9019],[32.0956,-19.9045],[32.1419,-19.9015],[32.1662,-19.9037],[32.1901,-19.9026],[32.1963,-19.9037],[32.2022,-19.9094],[32.2092,-19.9304],[32.2336,-19.9414],[32.255,-19.9588],[32.2674,-19.9611],[32.2717,-19.9642],[32.277,-19.9729],[32.2848,-19.9783],[32.3198,-19.982],[32.3294,-19.9855],[32.335,-19.9907],[32.3381,-19.9977],[32.3406,-20],[32.3401,-20.0028],[32.3436,-20.0143],[32.3433,-20.019],[32.3374,-20.0362],[32.3391,-20.0559],[32.3451,-20.0766],[32.3404,-20.089],[32.3396,-20.096],[32.339,-20.1056],[32.3408,-20.1142],[32.3381,-20.1318],[32.3391,-20.1568],[32.3377,-20.1634],[32.33,-20.1781],[32.3272,-20.1875],[32.3269,-20.2054],[32.3236,-20.2162],[32.3222,-20.2437],[32.3208,-20.2466],[32.3197,-20.2601],[32.3146,-20.269],[32.312,-20.2857],[32.3067,-20.302],[32.3063,-20.3098],[32.2958,-20.3443],[32.2912,-20.3884],[32.2889,-20.3971],[32.2881,-20.4233],[32.2843,-20.4546],[32.2884,-20.4765],[32.2891,-20.4896],[32.2864,-20.5042],[32.2827,-20.5122],[32.2829,-20.5182],[32.2878,-20.5319],[32.2886,-20.559],[32.2853,-20.5688],[32.2803,-20.5759],[32.2746,-20.5892],[32.2712,-20.5999],[32.2569,-20.6167],[32.2609,-20.6458],[32.2555,-20.6709],[32.247,-20.6818],[32.2346,-20.6865],[32.2289,-20.6906],[32.2256,-20.6986],[32.2277,-20.7118],[32.2173,-20.7297],[32.2138,-20.7403],[32.2127,-20.7508],[32.2091,-20.7522],[32.2088,-20.7542],[32.2091,-20.769],[32.2152,-20.7764],[32.2191,-20.7778],[32.2197,-20.7807],[32.2151,-20.7914],[32.2108,-20.7971],[32.2045,-20.8018],[32.1966,-20.8043],[32.1895,-20.8208],[32.1882,-20.8285],[32.1833,-20.8405],[32.1659,-20.8673],[32.1593,-20.8734],[32.1569,-20.8776],[32.1585,-20.8819],[32.1563,-20.8909],[32.154,-20.893],[32.1496,-20.9041],[32.1398,-20.9143],[32.1355,-20.9266],[32.1401,-20.938],[32.1473,-20.9401],[32.1571,-20.949],[32.1587,-20.9608],[32.152,-20.9784],[32.1529,-20.9876],[32.1549,-20.9893],[32.1577,-20.9978],[32.1649,-21.0053],[32.1749,-21.0079],[32.1905,-21.0164],[32.1961,-21.024],[32.1967,-21.0283],[32.1953,-21.0355],[32.1866,-21.0426],[32.186,-21.0455],[32.188,-21.0526],[32.1947,-21.0643],[32.1999,-21.0669],[32.2165,-21.0686],[32.2247,-21.077],[32.2338,-21.0795],[32.2366,-21.0843],[32.2404,-21.0975],[32.2466,-21.0984],[32.2577,-21.0969],[32.2655,-21.0994],[32.2707,-21.1045],[32.2858,-21.1596],[32.2892,-21.1843],[32.2944,-21.1927],[32.3059,-21.2022],[32.3047,-21.2102],[32.3124,-21.2221],[32.322,-21.2291],[32.3294,-21.239],[32.3379,-21.2461],[32.3544,-21.2483],[32.3624,-21.2524],[32.3765,-21.2547],[32.3924,-21.2625],[32.4115,-21.2881],[32.4175,-21.2933],[32.4278,-21.2982],[32.4359,-21.3048],[32.4481,-21.3075],[32.445,-21.3089]]]}},{"type":"Feature","properties":{"name":"Mashonaland Central"},"geometry":{"type":"Polygon","coordinates":[[[31.074,-17.687],[31.0523,-17.6413],[31.0676,-17.6345],[31.0518,-17.6128],[31.0584,-17.6163],[31.061,-17.5915],[31.0606,-17.5675],[31.0639,-17.5439],[31.1148,-17.5427],[31.1158,-17.5359],[31.1208,-17.525],[31.1161,-17.5186],[31.1088,-17.5169],[31.1124,-17.5127],[31.1085,-17.5062],[31.1177,-17.501],[31.1254,-17.4924],[31.1249,-17.4844],[31.1186,-17.4822],[31.1197,-17.4786],[31.1162,-17.4771],[31.1171,-17.4735],[31.1199,-17.4724],[31.1192,-17.4701],[31.1251,-17.4687],[31.1264,-17.4653],[31.1346,-17.4652],[31.1407,-17.456],[31.1457,-17.4524],[31.1437,-17.4482],[31.1394,-17.447],[31.1382,-17.4448],[31.1522,-17.4494],[31.1552,-17.4517],[31.1739,-17.4559],[31.2278,-17.4737],[31.2386,-17.4706],[31.2434,-17.4733],[31.2453,-17.4722],[31.2534,-17.4765],[31.2619,-17.4759],[31.2692,-17.48],[31.2755,-17.4783],[31.2923,-17.4858],[31.3071,-17.4866],[31.3047,-17.503],[31.3011,-17.5075],[31.3024,-17.5102],[31.3003,-17.5124],[31.2992,-17.5172],[31.3003,-17.5203],[31.2983,-17.5227],[31.2978,-17.5288],[31.295,-17.5354],[31.2921,-17.5391],[31.2903,-17.5497],[31.2878,-17.5548],[31.2847,-17.5694],[31.2859,-17.5727],[31.2835,-17.5732],[31.2828,-17.5752],[31.2842,-17.5774],[31.2828,-17.5814],[31.2768,-17.5901],[31.2799,-17.6006],[31.2805,-17.6095],[31.2852,-17.6177],[31.2852,-17.6217],[31.2821,-17.6269],[31.2843,-17.6299],[31.2803,-17.6355],[31.2799,-17.6437],[31.2904,-17.6414],[31.3086,-17.6434],[31.3352,-17.6083],[31.3745,-17.6288],[31.42,-17.5946],[31.4586,-17.5625],[31.4695,-17.5828],[31.47,-17.579],[31.4756,-17.5716],[31.4727,-17.5658],[31.4739,-17.5589],[31.4829,-17.5501],[31.4838,-17.5462],[31.5059,-17.5178],[31.5073,-17.5144],[31.5054,-17.5086],[31.508,-17.5051],[31.5101,-17.4965],[31.5133,-17.4941],[31.513,-17.49],[31.5212,-17.4867],[31.526,-17.4825],[31.5283,-17.4712],[31.5323,-17.4679],[31.5404,-17.4692],[31.5419,-17.4678],[31.5528,-17.4654],[31.5634,-17.4645],[31.564,-17.4608],[31.5696,-17.4586],[31.5716,-17.4585],[31.5731,-17.4603],[31.5843,-17.4595],[31.5863,-17.4516],[31.5881,-17.4511],[31.5905,-17.4544],[31.5916,-17.4522],[31.5964,-17.453],[31.6025,-17.4473],[31.6049,-17.4473],[31.6058,-17.4433],[31.6113,-17.4403],[31.6117,-17.4349],[31.6133,-17.4324],[31.6178,-17.434],[31.623,-17.433],[31.6195,-17.4248],[31.6157,-17.4216],[31.6137,-17.4168],[31.6228,-17.4113],[31.6267,-17.4056],[31.6338,-17.4005],[31.6361,-17.3915],[31.6416,-17.3861],[31.6493,-17.386],[31.6565,-17.3744],[31.6624,-17.3734],[31.6661,-17.3693],[31.6721,-17.369],[31.6777,-17.3655],[31.6888,-17.3504],[31.6909,-17.3437],[31.6984,-17.3387],[31.7035,-17.3303],[31.708,-17.3288],[31.7159,-17.3221],[31.721,-17.3152],[31.7374,-17.3025],[31.743,-17.2952],[31.7514,-17.2881],[31.7543,-17.279],[31.7482,-17.2691],[31.7494,-17.2585],[31.7438,-17.2476],[31.7414,-17.2365],[31.7343,-17.23],[31.7226,-17.2156],[31.728,-17.2021],[31.7331,-17.1975],[31.7402,-17.1954],[31.7449,-17.1955],[31.7498,-17.199],[31.7578,-17.1983],[31.7619,-17.1953],[31.7621,-17.1895],[31.7648,-17.1865],[31.772,-17.1844],[31.7796,-17.1859],[31.7826,-17.1852],[31.7882,-17.1789],[31.7985,-17.1778],[31.804,-17.1723],[31.8113,-17.168],[31.8481,-17.151],[31.841,-17.1428],[31.8325,-17.1362],[31.8351,-17.1314],[31.8334,-17.1231],[31.839,-17.1183],[31.8485,-17.1044],[31.8551,-17.0895],[31.8532,-17.0846],[31.8561,-17.0793],[31.8686,-17.0698],[31.872,-17.069],[31.8753,-17.07],[31.8809,-17.0643],[31.8959,-17.0536],[31.9094,-17.0396],[31.9107,-17.0324],[31.9064,-17.0224],[31.9039,-17.0209],[31.8943,-17.0206],[31.8916,-17.0167],[31.8961,-17.0107],[31.8951,-17.0006],[31.9077,-17.0021],[31.9129,-17.0007],[31.9122,-16.9882],[31.9149,-16.9779],[31.9096,-16.9727],[31.9245,-16.9651],[31.9318,-16.9637],[31.9384,-16.9605],[31.9425,-16.9566],[31.941,-16.9534],[31.9447,-16.9461],[31.9442,-16.9387],[31.9513,-16.921],[31.9543,-16.9171],[31.9607,-16.9161],[31.9677,-16.9202],[31.9764,-16.922],[31.9808,-16.9212],[31.9925,-16.9135],[31.9967,-16.9128],[32.0014,-16.9098],[32.0048,-16.9052],[32.0038,-16.9012],[32.0095,-16.8919],[32.0098,-16.8888],[32.0085,-16.8846],[32.0043,-16.8804],[32.0031,-16.8756],[32.003,-16.8626],[32.0007,-16.856],[32.0033,-16.8479],[32.0114,-16.8401],[32.022,-16.8353],[32.0302,-16.8338],[32.0332,-16.8289],[32.0404,-16.8269],[32.0419,-16.8217],[32.0399,-16.8116],[32.0475,-16.8058],[32.0516,-16.8035],[32.0643,-16.8049],[32.0737,-16.8027],[32.0926,-16.8098],[32.0984,-16.8056],[32.1037,-16.8061],[32.1043,-16.7998],[32.1101,-16.7945],[32.125,-16.7893],[32.1311,-16.7891],[32.1377,-16.7911],[32.1454,-16.7886],[32.1535,-16.7888],[32.1629,-16.7786],[32.1771,-16.7773],[32.1808,-16.7737],[32.2005,-16.7669],[32.2161,-16.7724],[32.2259,-16.7833],[32.2281,-16.7839],[32.2322,-16.7791],[32.2344,-16.7736],[32.2479,-16.7722],[32.2556,-16.767],[32.2723,-16.7473],[32.2851,-16.7479],[32.2974,-16.747],[32.3144,-16.7433],[32.3267,-16.7444],[32.3327,-16.7423],[32.3394,-16.7428],[32.3531,-16.7294],[32.3611,-16.7264],[32.3709,-16.7159],[32.39,-16.7188],[32.3969,-16.7126],[32.408,-16.7132],[32.4204,-16.7062],[32.4264,-16.7049],[32.4413,-16.7053],[32.4602,-16.6969],[32.4634,-16.6971],[32.4711,-16.7023],[32.4742,-16.7024],[32.4784,-16.6995],[32.4819,-16.6989],[32.4873,-16.7038],[32.5011,-16.702],[32.51,-16.7046],[32.5165,-16.7084],[32.5275,-16.719],[32.5335,-16.721],[32.5452,-16.722],[32.5501,-16.7277],[32.5619,-16.7299],[32.5751,-16.739],[32.5835,-16.7415],[32.5937,-16.7418],[32.6301,-16.732],[32.6435,-16.7233],[32.649,-16.7218],[32.6565,-16.723],[32.6622,-16.73],[32.6801,-16.7413],[32.6926,-16.7397],[32.7091,-16.729],[32.7202,-16.7284],[32.7328,-16.7241],[32.7482,-16.713],[32.7486,-16.7099],[32.7568,-16.7022],[32.7504,-16.6978],[32.7063,-16.6796],[32.7023,-16.6751],[32.7127,-16.5967],[32.5688,-16.5285],[32.4757,-16.4943],[32.4048,-16.4663],[32.2727,-16.4309],[32.1573,-16.4372],[32.0383,-16.44],[31.915,-16.4067],[31.9125,-16.4039],[31.9115,-16.3969],[31.9087,-16.3979],[31.909,-16.3955],[31.9058,-16.392],[31.9081,-16.3907],[31.9075,-16.3888],[31.9092,-16.3885],[31.9088,-16.387],[31.9118,-16.3855],[31.9125,-16.3797],[31.9101,-16.3788],[31.9108,-16.3778],[31.9092,-16.3768],[31.9096,-16.3721],[31.9099,-16.3711],[31.9134,-16.3727],[31.9137,-16.3702],[31.9104,-16.3671],[31.9109,-16.3646],[31.9086,-16.3648],[31.9088,-16.3609],[31.904,-16.3622],[31.9059,-16.3583],[31.9048,-16.3553],[31.9066,-16.3545],[31.9029,-16.3487],[31.9048,-16.3477],[31.9052,-16.3435],[31.8996,-16.3403],[31.9013,-16.3358],[31.8996,-16.3352],[31.8991,-16.3326],[31.895,-16.3346],[31.8913,-16.325],[31.889,-16.3258],[31.8837,-16.3244],[31.8834,-16.3268],[31.8779,-16.3281],[31.8763,-16.3247],[31.8794,-16.3228],[31.8792,-16.3207],[31.8722,-16.3217],[31.8727,-16.3177],[31.8678,-16.3189],[31.865,-16.3162],[31.8618,-16.3157],[31.854,-16.3078],[31.8519,-16.3078],[31.8491,-16.3102],[31.8462,-16.3049],[31.8481,-16.3042],[31.8444,-16.3009],[31.8432,-16.3032],[31.8395,-16.3034],[31.8387,-16.2994],[31.8358,-16.2998],[31.8341,-16.3005],[31.8322,-16.3052],[31.8296,-16.3049],[31.8281,-16.301],[31.831,-16.2974],[31.8273,-16.2946],[31.8283,-16.2911],[31.8259,-16.2906],[31.8232,-16.2854],[31.8175,-16.2877],[31.8145,-16.2874],[31.815,-16.2827],[31.8226,-16.2798],[31.8211,-16.2772],[31.8128,-16.2738],[31.8129,-16.2714],[31.8158,-16.27],[31.815,-16.2675],[31.8096,-16.2672],[31.8044,-16.2648],[31.8042,-16.2622],[31.8014,-16.2635],[31.7958,-16.2631],[31.7951,-16.2613],[31.7978,-16.2573],[31.797,-16.2534],[31.795,-16.2514],[31.7881,-16.2525],[31.7858,-16.2495],[31.7824,-16.2497],[31.78,-16.2461],[31.7807,-16.2419],[31.7791,-16.2384],[31.7773,-16.2363],[31.7731,-16.2372],[31.7676,-16.2288],[31.762,-16.2277],[31.7586,-16.2301],[31.7532,-16.2255],[31.749,-16.2261],[31.7361,-16.2198],[31.7352,-16.217],[31.737,-16.214],[31.7367,-16.2094],[31.733,-16.2056],[31.7302,-16.2098],[31.7272,-16.2055],[31.7225,-16.2054],[31.7192,-16.1988],[31.7152,-16.1968],[31.7087,-16.1994],[31.707,-16.1963],[31.7046,-16.1988],[31.7019,-16.1969],[31.6961,-16.1973],[31.6906,-16.1945],[31.6874,-16.1955],[31.681,-16.1946],[31.6663,-16.1883],[31.6568,-16.1892],[31.6504,-16.1928],[31.6466,-16.1925],[31.6365,-16.1872],[31.6335,-16.1807],[31.6273,-16.1768],[31.6207,-16.1792],[31.6127,-16.1845],[31.6012,-16.1814],[31.596,-16.1779],[31.5863,-16.1789],[31.5769,-16.1776],[31.5656,-16.183],[31.5618,-16.1825],[31.5589,-16.1795],[31.5574,-16.1726],[31.5524,-16.1744],[31.5422,-16.173],[31.5377,-16.1737],[31.5366,-16.1687],[31.5225,-16.1686],[31.5174,-16.1625],[31.508,-16.1674],[31.4996,-16.1691],[31.4904,-16.1548],[31.4854,-16.1563],[31.4782,-16.1547],[31.4738,-16.1563],[31.4692,-16.1536],[31.4613,-16.1588],[31.4568,-16.1558],[31.4525,-16.1592],[31.4511,-16.1581],[31.452,-16.1553],[31.4509,-16.1543],[31.4433,-16.1536],[31.433,-16.1556],[31.4268,-16.1591],[31.4242,-16.1563],[31.4244,-16.1541],[31.4312,-16.1528],[31.4346,-16.1503],[31.436,-16.1451],[31.4345,-16.1404],[31.4287,-16.1351],[31.4238,-16.1333],[31.4176,-16.1359],[31.4131,-16.1403],[31.4043,-16.1356],[31.4023,-16.1315],[31.4035,-16.119],[31.3973,-16.1091],[31.3882,-16.1053],[31.3849,-16.099],[31.3719,-16.0925],[31.3556,-16.0738],[31.3386,-16.0666],[31.3366,-16.0574],[31.3446,-16.0512],[31.3446,-16.0472],[31.3424,-16.0439],[31.3333,-16.0413],[31.3286,-16.0384],[31.3232,-16.0322],[31.3206,-16.0237],[31.3164,-16.0254],[31.3127,-16.018],[31.3088,-16.0197],[31.3081,-16.0156],[31.3058,-16.0129],[31.299,-16.0101],[31.2976,-16.0164],[31.294,-16.0175],[31.2899,-16.0145],[31.2828,-16.0058],[31.278,-16.0027],[31.2707,-16.0034],[31.2633,-16.0083],[31.2569,-16.006],[31.2495,-16.0096],[31.2381,-16.0006],[31.2251,-16.0071],[31.2187,-16.007],[31.2074,-16.0035],[31.2028,-16.0045],[31.1941,-16.0029],[31.1877,-16.0048],[31.1848,-16.0023],[31.1847,-15.9937],[31.1805,-15.9887],[31.1721,-15.9876],[31.1666,-15.9886],[31.158,-15.9868],[31.15,-15.9899],[31.1482,-15.9896],[31.144,-15.9847],[31.1067,-15.9958],[31.1047,-16.0009],[31.0988,-16.0022],[31.0944,-16.0087],[31.0879,-16.0088],[31.0875,-16.0172],[31.078,-16.0118],[31.0651,-16.0182],[31.0619,-16.0145],[31.0664,-16.0059],[31.0662,-16.0015],[31.0636,-15.9996],[31.0617,-16.0009],[31.0581,-16.0117],[31.0518,-16.0176],[31.0438,-16.0211],[31.0318,-16.0197],[31.0285,-16.0216],[31.0238,-16.0346],[31.0251,-16.0388],[31.0171,-16.0498],[31.0126,-16.0499],[31.0068,-16.057],[30.9907,-16.0595],[30.9837,-16.0581],[30.9797,-16.0529],[30.9725,-16.0498],[30.971,-16.0506],[30.9642,-16.044],[30.9656,-16.0411],[30.9639,-16.0415],[30.9618,-16.0373],[30.9587,-16.036],[30.9587,-16.0376],[30.9552,-16.0344],[30.9584,-16.0323],[30.9571,-16.0308],[30.9581,-16.0263],[30.9477,-16.01],[30.943,-16.0084],[30.9408,-16.0095],[30.9362,-16.0043],[30.9312,-16.0056],[30.9149,-15.9964],[30.9077,-15.9971],[30.9055,-15.9992],[30.6558,-15.9991],[30.6529,-16.0008],[30.4884,-16.0019],[30.4886,-16.001],[30.4219,-16.0008],[30.4224,-15.6185],[30.4165,-15.6207],[30.4071,-15.6293],[30.3953,-15.637],[30.3814,-15.6426],[30.3727,-15.6435],[30.3546,-15.6523],[30.3326,-15.6485],[30.3218,-15.643],[30.2854,-15.6446],[30.2847,-15.6675],[30.2863,-15.7017],[30.3131,-15.7168],[30.3345,-15.7503],[30.3311,-15.7518],[30.1513,-15.9189],[30.0515,-15.9883],[30.052,-15.9939],[30.0463,-16.0012],[30.0474,-16.0031],[30.0553,-16.0033],[30.058,-16],[30.0612,-16.0008],[30.0633,-16.0056],[30.062,-16.0128],[30.0589,-16.0163],[30.0636,-16.0163],[30.0631,-16.0204],[30.065,-16.0235],[30.0742,-16.0276],[30.0722,-16.03],[30.0751,-16.0339],[30.0795,-16.0344],[30.0824,-16.0366],[30.0867,-16.034],[30.0878,-16.0389],[30.0926,-16.034],[30.0961,-16.0394],[30.0935,-16.0416],[30.0936,-16.0443],[30.0986,-16.0454],[30.1079,-16.0433],[30.1101,-16.0441],[30.1079,-16.0471],[30.0994,-16.0494],[30.1012,-16.0582],[30.0998,-16.0602],[30.1005,-16.0633],[30.0954,-16.0623],[30.0943,-16.0671],[30.0948,-16.0692],[30.0977,-16.0703],[30.099,-16.0729],[30.094,-16.0751],[30.0891,-16.0748],[30.0881,-16.0796],[30.0788,-16.092],[30.0787,-16.0932],[30.0809,-16.0941],[30.0783,-16.1013],[30.0814,-16.1047],[30.0858,-16.1047],[30.0869,-16.1091],[30.085,-16.1136],[30.0875,-16.1184],[30.0932,-16.1222],[30.1001,-16.1212],[30.1042,-16.1247],[30.0985,-16.1262],[30.099,-16.1275],[30.1027,-16.1283],[30.0991,-16.1311],[30.1016,-16.137],[30.1098,-16.1469],[30.112,-16.1581],[30.1189,-16.1636],[30.1178,-16.1649],[30.1137,-16.1643],[30.1139,-16.1672],[30.1205,-16.172],[30.1247,-16.1728],[30.1286,-16.1711],[30.1245,-16.1685],[30.1279,-16.1624],[30.1303,-16.1624],[30.1337,-16.1656],[30.1397,-16.1611],[30.1384,-16.1677],[30.1415,-16.1773],[30.1352,-16.1858],[30.1272,-16.1889],[30.1233,-16.1924],[30.1199,-16.203],[30.1121,-16.213],[30.1078,-16.2142],[30.0956,-16.2279],[30.0901,-16.228],[30.0932,-16.2488],[30.0904,-16.26],[30.0952,-16.2745],[30.0949,-16.2835],[30.0904,-16.2879],[30.0905,-16.2898],[30.0941,-16.2934],[30.0893,-16.303],[30.0917,-16.307],[30.0891,-16.3085],[30.0858,-16.3176],[30.0741,-16.3205],[30.0636,-16.3328],[30.0657,-16.3378],[30.0651,-16.343],[30.0584,-16.3455],[30.0582,-16.3541],[30.0542,-16.358],[30.0546,-16.3618],[30.0503,-16.3656],[30.0495,-16.3758],[30.0512,-16.3826],[30.0495,-16.3866],[30.0555,-16.3927],[30.0609,-16.3937],[30.0656,-16.3982],[30.0753,-16.3997],[30.0801,-16.4037],[30.0834,-16.4036],[30.0862,-16.4011],[30.0864,-16.3987],[30.081,-16.3919],[30.0812,-16.3891],[30.0841,-16.3861],[30.0888,-16.375],[30.0913,-16.3725],[30.1059,-16.3734],[30.1105,-16.373],[30.118,-16.3693],[30.1442,-16.3688],[30.1465,-16.3682],[30.1533,-16.361],[30.1639,-16.3548],[30.1932,-16.3512],[30.1976,-16.349],[30.2084,-16.3364],[30.2103,-16.329],[30.2057,-16.3156],[30.2082,-16.3121],[30.2143,-16.3096],[30.214,-16.3064],[30.2093,-16.3048],[30.2069,-16.2996],[30.208,-16.2895],[30.2071,-16.2763],[30.2177,-16.2682],[30.2342,-16.2649],[30.2409,-16.2655],[30.2442,-16.2673],[30.2482,-16.2731],[30.2542,-16.2762],[30.2663,-16.2714],[30.2767,-16.27],[30.2865,-16.2726],[30.2949,-16.2767],[30.2996,-16.2821],[30.3021,-16.2904],[30.3017,-16.3116],[30.3041,-16.3149],[30.3128,-16.3162],[30.315,-16.3178],[30.3184,-16.3243],[30.3162,-16.3305],[30.3177,-16.3339],[30.3204,-16.3352],[30.3248,-16.3354],[30.3276,-16.3371],[30.343,-16.335],[30.3593,-16.3406],[30.3643,-16.3402],[30.3741,-16.3348],[30.3819,-16.3368],[30.42,-16.339],[30.4188,-16.3466],[30.4216,-16.3509],[30.4175,-16.3551],[30.4206,-16.3584],[30.4248,-16.3682],[30.4276,-16.3715],[30.4307,-16.385],[30.4367,-16.3903],[30.4382,-16.3938],[30.4351,-16.3978],[30.4349,-16.4051],[30.4333,-16.4081],[30.4275,-16.4132],[30.4234,-16.4232],[30.418,-16.4256],[30.4185,-16.4318],[30.4113,-16.4342],[30.4063,-16.4379],[30.4064,-16.441],[30.416,-16.4505],[30.4134,-16.4546],[30.4136,-16.4615],[30.4078,-16.4693],[30.4084,-16.4794],[30.4038,-16.4892],[30.4058,-16.495],[30.4054,-16.5097],[30.4069,-16.5138],[30.4034,-16.5169],[30.3974,-16.5168],[30.3947,-16.5216],[30.3954,-16.5263],[30.3911,-16.5267],[30.3883,-16.5298],[30.39,-16.5354],[30.389,-16.5392],[30.3868,-16.5411],[30.3878,-16.5466],[30.3803,-16.5551],[30.3814,-16.5606],[30.3859,-16.5633],[30.3859,-16.5647],[30.3778,-16.5738],[30.3784,-16.5772],[30.3751,-16.5826],[30.3725,-16.5945],[30.3783,-16.6085],[30.3854,-16.6133],[30.3948,-16.623],[30.3946,-16.6279],[30.3968,-16.6307],[30.3947,-16.6345],[30.3995,-16.638],[30.3994,-16.6446],[30.4027,-16.6471],[30.4066,-16.649],[30.41,-16.648],[30.4113,-16.6452],[30.4137,-16.6454],[30.4222,-16.6552],[30.4294,-16.6543],[30.4397,-16.6562],[30.4479,-16.6636],[30.4558,-16.6636],[30.462,-16.6681],[30.4717,-16.672],[30.4975,-16.6758],[30.5018,-16.6853],[30.51,-16.6808],[30.5146,-16.6818],[30.5103,-16.6959],[30.5148,-16.7023],[30.5192,-16.7149],[30.5199,-16.7203],[30.5182,-16.7238],[30.5221,-16.7261],[30.5255,-16.7251],[30.5277,-16.7274],[30.5279,-16.73],[30.5184,-16.7354],[30.5187,-16.7396],[30.5211,-16.7412],[30.5216,-16.744],[30.5102,-16.7569],[30.5089,-16.7636],[30.5064,-16.7672],[30.4998,-16.7749],[30.4953,-16.7769],[30.4903,-16.7873],[30.4845,-16.7914],[30.4854,-16.7963],[30.4888,-16.7981],[30.4891,-16.8023],[30.4971,-16.8058],[30.4964,-16.8135],[30.4976,-16.8153],[30.5016,-16.815],[30.5037,-16.8171],[30.5057,-16.8312],[30.5037,-16.8312],[30.5031,-16.8337],[30.5052,-16.8352],[30.5101,-16.8345],[30.5113,-16.8368],[30.5098,-16.8415],[30.5181,-16.8473],[30.5213,-16.8471],[30.5241,-16.8533],[30.5203,-16.8601],[30.5204,-16.863],[30.5231,-16.8654],[30.5208,-16.8668],[30.5204,-16.8694],[30.518,-16.8704],[30.5208,-16.8727],[30.5253,-16.8845],[30.525,-16.8972],[30.5229,-16.9082],[30.5234,-16.9181],[30.5188,-16.9222],[30.5221,-16.9317],[30.5208,-16.9371],[30.527,-16.9427],[30.5276,-16.9595],[30.5327,-16.9601],[30.5339,-16.9614],[30.5337,-16.9629],[30.53,-16.9643],[30.5296,-16.9665],[30.5324,-16.9685],[30.535,-16.9682],[30.5487,-16.9727],[30.5502,-16.9793],[30.5524,-16.9815],[30.5507,-16.9863],[30.542,-16.9882],[30.5369,-16.998],[30.5404,-17.0018],[30.5383,-17.0059],[30.5389,-17.0098],[30.5368,-17.013],[30.5394,-17.0151],[30.5422,-17.0216],[30.545,-17.0402],[30.5447,-17.0503],[30.548,-17.053],[30.5769,-17.0518],[30.5808,-17.0425],[30.5984,-17.0313],[30.6114,-17.0293],[30.619,-17.0298],[30.6335,-17.0251],[30.6365,-17.0274],[30.6406,-17.0481],[30.663,-17.0362],[30.6693,-17.0632],[30.6921,-17.0508],[30.7389,-17.0613],[30.7183,-17.1558],[30.682,-17.2177],[30.6551,-17.2362],[30.6714,-17.241],[30.6685,-17.2512],[30.6578,-17.2791],[30.6177,-17.3628],[30.6214,-17.3681],[30.6324,-17.4063],[30.6195,-17.455],[30.6213,-17.4763],[30.617,-17.5022],[30.6124,-17.5183],[30.6115,-17.5519],[30.6448,-17.5519],[30.6912,-17.5596],[30.7285,-17.5526],[30.7854,-17.5577],[30.7601,-17.6043],[30.7899,-17.64],[30.8375,-17.6627],[30.8446,-17.6505],[30.8671,-17.6645],[30.8979,-17.6788],[30.9127,-17.6872],[30.9285,-17.7006],[30.9305,-17.6621],[30.9554,-17.6605],[30.9579,-17.6693],[30.9625,-17.7139],[30.9755,-17.7188],[30.9956,-17.7371],[31.0262,-17.7392],[31.0259,-17.7271],[31.0375,-17.7374],[31.0416,-17.7324],[31.0463,-17.7402],[31.0817,-17.7304],[31.074,-17.687]]]}},{"type":"Feature","properties":{"name":"Mashonaland East"},"geometry":{"type":"Polygon","coordinates":[[[30.8945,-17.949],[30.882,-17.9353],[30.8733,-17.9316],[30.8707,-17.9347],[30.8628,-17.9277],[30.8637,-17.9253],[30.8618,-17.9238],[30.858,-17.9268],[30.8447,-17.9244],[30.8472,-17.929],[30.8439,-17.932],[30.8442,-17.9445],[30.8411,-17.9451],[30.8374,-17.9297],[30.8313,-17.9209],[30.8085,-17.9469],[30.8166,-17.9812],[30.7723,-18.0222],[30.7747,-18.0324],[30.7843,-18.0442],[30.7833,-18.051],[30.7907,-18.0667],[30.7904,-18.0772],[30.7931,-18.0795],[30.7938,-18.0822],[30.7994,-18.0848],[30.7999,-18.0875],[30.797,-18.0905],[30.7938,-18.0906],[30.7902,-18.0931],[30.7752,-18.094],[30.7702,-18.0968],[30.7651,-18.104],[30.7615,-18.1053],[30.7617,-18.126],[30.7566,-18.134],[30.7562,-18.1388],[30.7537,-18.142],[30.7525,-18.1463],[30.7548,-18.1485],[30.7515,-18.153],[30.7466,-18.1543],[30.7574,-18.1613],[30.7574,-18.1679],[30.7626,-18.1676],[30.7648,-18.1703],[30.7646,-18.1723],[30.7597,-18.1769],[30.7543,-18.1874],[30.7494,-18.1906],[30.7477,-18.1952],[30.7489,-18.1988],[30.7436,-18.2052],[30.7366,-18.2079],[30.7277,-18.2171],[30.7218,-18.2204],[30.7175,-18.2283],[30.6975,-18.2371],[30.6973,-18.247],[30.6996,-18.2502],[30.7012,-18.2581],[30.6979,-18.2608],[30.6953,-18.2667],[30.699,-18.2671],[30.6957,-18.2718],[30.6993,-18.2796],[30.6992,-18.2875],[30.7049,-18.2903],[30.7089,-18.2954],[30.7092,-18.3063],[30.7181,-18.3084],[30.7197,-18.3143],[30.7234,-18.3151],[30.7221,-18.3194],[30.7229,-18.3229],[30.7253,-18.3238],[30.7273,-18.3277],[30.7342,-18.3297],[30.7342,-18.3321],[30.7403,-18.3325],[30.7403,-18.3361],[30.7463,-18.3432],[30.7537,-18.3413],[30.7582,-18.3437],[30.7585,-18.3504],[30.7639,-18.3489],[30.7646,-18.3532],[30.7671,-18.3563],[30.767,-18.3602],[30.7727,-18.3611],[30.7759,-18.3666],[30.7833,-18.3737],[30.7815,-18.3778],[30.787,-18.3826],[30.7871,-18.386],[30.7905,-18.3901],[30.7881,-18.3942],[30.7888,-18.3986],[30.7858,-18.4035],[30.7793,-18.4059],[30.7743,-18.4115],[30.7709,-18.4131],[30.7697,-18.4542],[30.7661,-18.4857],[30.7667,-18.499],[30.765,-18.5034],[30.7667,-18.5327],[30.7662,-18.5707],[30.7039,-18.6343],[30.7052,-18.6364],[30.7091,-18.635],[30.7089,-18.6371],[30.7069,-18.6382],[30.7067,-18.6433],[30.6824,-18.671],[30.6491,-18.7329],[30.6395,-18.6954],[30.6304,-18.7242],[30.6028,-18.6968],[30.5984,-18.6997],[30.6114,-18.7469],[30.6025,-18.7601],[30.5998,-18.809],[30.5582,-18.8196],[30.5575,-18.8768],[30.5814,-18.9056],[30.5549,-18.9256],[30.5544,-18.928],[30.5634,-18.9356],[30.575,-18.9405],[30.5953,-18.9231],[30.6304,-18.9005],[30.6356,-18.9078],[30.6542,-18.8845],[30.6787,-18.9322],[30.6924,-18.9521],[30.6956,-18.9543],[30.6931,-18.9578],[30.6883,-18.9581],[30.6866,-18.9568],[30.6771,-18.9639],[30.7124,-18.9766],[30.6935,-18.9961],[30.6747,-19.0208],[30.7185,-19.0879],[30.7499,-19.1321],[30.7451,-19.1295],[30.7403,-19.1301],[30.7362,-19.1339],[30.7234,-19.1321],[30.735,-19.179],[30.7315,-19.1805],[30.7376,-19.1802],[30.7444,-19.1937],[30.7519,-19.1998],[30.7522,-19.2036],[30.7567,-19.2063],[30.7633,-19.2075],[30.7638,-19.2128],[30.7659,-19.2156],[30.7719,-19.2148],[30.7745,-19.2199],[30.7805,-19.224],[30.7847,-19.2242],[30.7856,-19.2292],[30.7896,-19.2322],[30.7912,-19.2314],[30.7925,-19.2348],[30.8039,-19.243],[30.8089,-19.2499],[30.831,-19.2442],[30.846,-19.2528],[30.8705,-19.2605],[30.8939,-19.2445],[30.9085,-19.2439],[30.907,-19.2223],[30.8952,-19.202],[30.8898,-19.1973],[30.8924,-19.192],[30.9214,-19.1923],[30.92,-19.1802],[30.9376,-19.1486],[30.9695,-19.1557],[30.9991,-19.1556],[30.9895,-19.1953],[30.9891,-19.225],[31.0001,-19.2487],[30.996,-19.2538],[30.996,-19.2579],[31.0149,-19.2562],[31.0821,-19.244],[31.145,-19.2389],[31.1885,-19.2338],[31.3048,-19.2205],[31.3031,-19.1944],[31.2975,-19.1574],[31.3296,-19.1501],[31.3189,-19.1277],[31.3152,-19.0891],[31.3393,-19.086],[31.3446,-19.0813],[31.3478,-19.0817],[31.3559,-19.087],[31.3635,-19.0897],[31.3681,-19.0897],[31.3736,-19.0872],[31.3756,-19.0896],[31.3767,-19.0967],[31.3805,-19.0984],[31.3884,-19.1073],[31.3912,-19.1076],[31.3912,-19.1043],[31.3935,-19.1043],[31.3986,-19.1111],[31.4029,-19.1121],[31.4067,-19.116],[31.4119,-19.1154],[31.4174,-19.1098],[31.4259,-19.108],[31.4305,-19.1039],[31.4329,-19.0985],[31.4358,-19.0972],[31.4363,-19.0946],[31.4417,-19.0936],[31.4427,-19.1015],[31.454,-19.1119],[31.4601,-19.1229],[31.4656,-19.1291],[31.4672,-19.133],[31.4663,-19.1382],[31.4682,-19.1434],[31.4805,-19.1564],[31.4831,-19.1564],[31.4878,-19.1476],[31.4934,-19.1506],[31.5024,-19.1504],[31.5038,-19.152],[31.5039,-19.157],[31.5068,-19.1594],[31.5118,-19.1604],[31.5165,-19.1675],[31.5192,-19.1687],[31.5242,-19.1675],[31.5916,-19.0746],[31.5988,-19.049],[31.5897,-19.0113],[31.5958,-19.0174],[31.6033,-19.0173],[31.6072,-19.0195],[31.6161,-19.0201],[31.6205,-19.0231],[31.6227,-19.0295],[31.6258,-19.0307],[31.6269,-19.0341],[31.6242,-19.0382],[31.6288,-19.0389],[31.6324,-19.0367],[31.6343,-19.0398],[31.6369,-19.0407],[31.6496,-19.0375],[31.6543,-19.0405],[31.66,-19.0409],[31.6619,-19.0428],[31.6663,-19.0413],[31.6681,-19.043],[31.6751,-19.0416],[31.6813,-19.0432],[31.6879,-19.0424],[31.6908,-19.0434],[31.6966,-19.0379],[31.712,-19.0383],[31.713,-19.0375],[31.7122,-19.034],[31.7202,-19.031],[31.72,-19.0248],[31.7228,-19.0248],[31.7267,-19.0215],[31.7326,-19.0233],[31.7388,-19.0277],[31.7473,-19.0279],[31.7564,-19.031],[31.7693,-19.0325],[31.7744,-19.0349],[31.7845,-19.0478],[31.7909,-19.0491],[31.7951,-19.0519],[31.7975,-19.0601],[31.8017,-19.0591],[31.8038,-19.0606],[31.8064,-19.0666],[31.8132,-19.0713],[31.8116,-19.0779],[31.8126,-19.0802],[31.8203,-19.0852],[31.8325,-19.0865],[31.8374,-19.0977],[31.8422,-19.1012],[31.8549,-19.1037],[31.8607,-19.1017],[31.8782,-19.1135],[31.8803,-19.1168],[31.8863,-19.1147],[31.8929,-19.1176],[31.8955,-19.1146],[31.8983,-19.1146],[31.9113,-19.1225],[31.9258,-19.123],[31.9407,-19.1159],[31.9539,-19.1178],[31.9576,-19.1157],[31.9633,-19.1152],[31.9661,-19.1162],[31.9722,-19.1233],[31.9819,-19.1195],[31.9836,-19.1159],[31.9826,-19.1121],[31.9714,-19.0932],[31.9697,-19.0846],[31.9719,-19.0691],[31.9691,-19.0531],[31.9765,-19.0461],[31.9774,-19.0422],[31.975,-19.0345],[31.9743,-19.0227],[31.9757,-19.0108],[31.9785,-19.0055],[31.9753,-18.9961],[31.9759,-18.9701],[31.9699,-18.9663],[31.9673,-18.959],[31.9566,-18.9481],[31.9526,-18.9411],[31.9483,-18.938],[31.9517,-18.9247],[31.9541,-18.9208],[31.9516,-18.9212],[31.9462,-18.9127],[31.9342,-18.9041],[31.9319,-18.9043],[31.9291,-18.9078],[31.9232,-18.907],[31.921,-18.905],[31.9175,-18.8918],[31.9172,-18.8748],[31.9139,-18.8706],[31.9123,-18.8633],[31.9133,-18.8493],[31.9093,-18.8437],[31.9068,-18.8339],[31.9066,-18.822],[31.9085,-18.8191],[31.9084,-18.815],[31.9066,-18.8125],[31.9091,-18.7982],[31.9082,-18.7936],[31.9026,-18.7872],[31.8922,-18.7626],[31.8884,-18.7588],[31.8831,-18.7485],[31.8691,-18.7456],[31.8581,-18.7485],[31.852,-18.7524],[31.8482,-18.7517],[31.8417,-18.7463],[31.8297,-18.7471],[31.8297,-18.7436],[31.8337,-18.7355],[31.8303,-18.723],[31.8133,-18.6948],[31.7956,-18.6761],[31.7927,-18.668],[31.7901,-18.6673],[31.7872,-18.6695],[31.7859,-18.669],[31.7857,-18.6631],[31.7817,-18.658],[31.7814,-18.6543],[31.7738,-18.6493],[31.7723,-18.6466],[31.7725,-18.6395],[31.7632,-18.636],[31.7568,-18.6226],[31.7586,-18.6167],[31.7583,-18.6117],[31.7524,-18.6053],[31.7509,-18.6014],[31.7556,-18.5973],[31.7564,-18.5914],[31.7708,-18.5795],[31.7699,-18.5736],[31.7716,-18.5707],[31.747,-18.5468],[31.7503,-18.5368],[31.7218,-18.5133],[31.7494,-18.4989],[31.7618,-18.4476],[31.8149,-18.4357],[31.8443,-18.4272],[31.845,-18.4149],[31.8364,-18.4029],[31.8313,-18.3999],[31.8308,-18.3974],[31.8322,-18.3931],[31.8408,-18.3882],[31.8451,-18.3876],[31.8416,-18.3804],[31.8445,-18.3784],[31.8502,-18.3672],[31.8545,-18.3639],[31.8563,-18.347],[31.8642,-18.3295],[31.8588,-18.3172],[31.8583,-18.3021],[31.8594,-18.2964],[31.8569,-18.289],[31.8598,-18.2845],[31.8533,-18.2762],[31.8568,-18.273],[31.8568,-18.2622],[31.855,-18.2592],[31.8577,-18.2553],[31.8545,-18.2476],[31.8554,-18.2402],[31.8565,-18.2385],[31.8606,-18.2371],[31.8607,-18.2332],[31.8647,-18.2247],[31.8634,-18.2206],[31.8646,-18.2167],[31.8637,-18.2128],[31.866,-18.2043],[31.8649,-18.2015],[31.8686,-18.1931],[31.8656,-18.1862],[31.8749,-18.1733],[31.8737,-18.1699],[31.8745,-18.1654],[31.8717,-18.1551],[31.8723,-18.1518],[31.8692,-18.1484],[31.8684,-18.142],[32.0005,-18.1444],[31.9945,-18.1063],[31.9772,-18.0865],[31.9735,-18.0803],[31.9801,-18.0776],[31.9852,-18.0706],[31.9913,-18.0674],[32.0068,-18.0547],[32.0137,-18.0535],[32.0172,-18.0482],[32.0175,-18.0453],[32.0229,-18.0435],[32.0364,-18.0324],[32.0426,-18.0245],[32.047,-18.0221],[32.0514,-18.0155],[32.053,-18.0092],[32.0801,-17.9861],[32.1002,-17.9638],[32.1276,-17.9423],[32.1384,-17.9319],[32.1477,-17.9283],[32.1455,-17.9168],[32.1481,-17.9146],[32.1476,-17.9126],[32.1414,-17.9095],[32.1409,-17.9049],[32.1436,-17.9023],[32.1462,-17.8956],[32.1429,-17.8744],[32.1488,-17.8599],[32.1514,-17.858],[32.1497,-17.8485],[32.1476,-17.8451],[32.1489,-17.8423],[32.1551,-17.8402],[32.1606,-17.8335],[32.1637,-17.8337],[32.175,-17.8287],[32.1842,-17.8277],[32.1909,-17.8199],[32.2022,-17.8204],[32.2053,-17.8164],[32.2147,-17.812],[32.2265,-17.7978],[32.2314,-17.796],[32.2392,-17.7894],[32.2457,-17.7876],[32.2609,-17.7716],[32.2657,-17.7706],[32.2687,-17.7641],[32.2677,-17.76],[32.2757,-17.7464],[32.2806,-17.743],[32.2908,-17.7418],[32.2932,-17.7391],[32.2916,-17.7339],[32.3009,-17.7252],[32.3091,-17.7215],[32.319,-17.7231],[32.3249,-17.7198],[32.3269,-17.7181],[32.3313,-17.7089],[32.3383,-17.7069],[32.3519,-17.6962],[32.3657,-17.6888],[32.376,-17.6813],[32.382,-17.6746],[32.3914,-17.6717],[32.4021,-17.6736],[32.408,-17.6708],[32.4124,-17.6716],[32.4221,-17.6632],[32.4254,-17.6639],[32.4355,-17.6722],[32.4425,-17.6699],[32.4458,-17.6652],[32.4427,-17.6642],[32.4423,-17.6604],[32.4484,-17.6554],[32.4541,-17.6538],[32.461,-17.6482],[32.4649,-17.6468],[32.4704,-17.6396],[32.4706,-17.6339],[32.4732,-17.6267],[32.48,-17.6239],[32.4825,-17.6264],[32.4917,-17.6242],[32.4935,-17.6191],[32.5026,-17.6088],[32.5123,-17.6101],[32.519,-17.6149],[32.5244,-17.6147],[32.5307,-17.6176],[32.5333,-17.6174],[32.5363,-17.6146],[32.5421,-17.6155],[32.5464,-17.6194],[32.5484,-17.6194],[32.5514,-17.6153],[32.5505,-17.6065],[32.5565,-17.6059],[32.5588,-17.5994],[32.5625,-17.5963],[32.5644,-17.6007],[32.568,-17.5972],[32.5687,-17.6016],[32.5714,-17.6047],[32.5745,-17.6035],[32.5794,-17.6059],[32.5828,-17.5886],[32.5879,-17.5875],[32.5894,-17.5858],[32.5938,-17.5755],[32.6027,-17.5723],[32.6038,-17.5681],[32.6104,-17.5643],[32.6121,-17.5612],[32.6215,-17.5654],[32.6248,-17.5697],[32.6276,-17.5697],[32.6293,-17.5591],[32.6354,-17.558],[32.6392,-17.5527],[32.6437,-17.5395],[32.6454,-17.5262],[32.6448,-17.5166],[32.6432,-17.5097],[32.6393,-17.5023],[32.6394,-17.4986],[32.6499,-17.4906],[32.656,-17.4896],[32.6637,-17.4848],[32.6743,-17.4809],[32.683,-17.4783],[32.7046,-17.4753],[32.7131,-17.472],[32.7238,-17.4624],[32.7338,-17.4578],[32.735,-17.4503],[32.7323,-17.4421],[32.7332,-17.4274],[32.7535,-17.3921],[32.7574,-17.3797],[32.7594,-17.3784],[32.7586,-17.372],[32.7632,-17.3692],[32.7662,-17.3627],[32.7697,-17.3592],[32.7705,-17.3552],[32.7788,-17.3469],[32.793,-17.3347],[32.8011,-17.3353],[32.8071,-17.3289],[32.8138,-17.3271],[32.8252,-17.3166],[32.8405,-17.3176],[32.8435,-17.3167],[32.8484,-17.3127],[32.8541,-17.3028],[32.8549,-17.293],[32.8596,-17.2874],[32.87,-17.2791],[32.8799,-17.2786],[32.8849,-17.2757],[32.8896,-17.2758],[32.8917,-17.2777],[32.8975,-17.2751],[32.9075,-17.2766],[32.9139,-17.2744],[32.9158,-17.2709],[32.9197,-17.2699],[32.9248,-17.2632],[32.9407,-17.2613],[32.9485,-17.2619],[32.9628,-17.2596],[32.9943,-17.2457],[32.9898,-17.184],[32.9375,-17.0653],[32.8332,-16.9209],[32.9114,-16.8961],[32.9628,-16.7822],[32.991,-16.6944],[32.9848,-16.7023],[32.9795,-16.7043],[32.9702,-16.7011],[32.9386,-16.6984],[32.9244,-16.6936],[32.9213,-16.6938],[32.9184,-16.6983],[32.9088,-16.7053],[32.9037,-16.7052],[32.8976,-16.7137],[32.8943,-16.7163],[32.8905,-16.717],[32.8851,-16.7158],[32.8679,-16.7061],[32.8527,-16.704],[32.8431,-16.6968],[32.8386,-16.6956],[32.8322,-16.6964],[32.8244,-16.7026],[32.8169,-16.7052],[32.8114,-16.7043],[32.8049,-16.7003],[32.7989,-16.7047],[32.7929,-16.7067],[32.7825,-16.7029],[32.7782,-16.7028],[32.773,-16.7054],[32.7568,-16.7022],[32.7486,-16.7099],[32.7482,-16.713],[32.7328,-16.7241],[32.7202,-16.7284],[32.7091,-16.729],[32.6926,-16.7397],[32.6801,-16.7413],[32.6622,-16.73],[32.6565,-16.723],[32.649,-16.7218],[32.6435,-16.7233],[32.6301,-16.732],[32.5937,-16.7418],[32.5835,-16.7415],[32.5751,-16.739],[32.5619,-16.7299],[32.5501,-16.7277],[32.5452,-16.722],[32.5335,-16.721],[32.5275,-16.719],[32.5165,-16.7084],[32.51,-16.7046],[32.5011,-16.702],[32.4873,-16.7038],[32.4819,-16.6989],[32.4784,-16.6995],[32.4742,-16.7024],[32.4711,-16.7023],[32.4634,-16.6971],[32.4602,-16.6969],[32.4413,-16.7053],[32.4264,-16.7049],[32.4204,-16.7062],[32.408,-16.7132],[32.3969,-16.7126],[32.39,-16.7188],[32.3709,-16.7159],[32.3611,-16.7264],[32.3531,-16.7294],[32.3394,-16.7428],[32.3327,-16.7423],[32.3267,-16.7444],[32.3144,-16.7433],[32.2974,-16.747],[32.2851,-16.7479],[32.2723,-16.7473],[32.2556,-16.767],[32.2479,-16.7722],[32.2344,-16.7736],[32.2322,-16.7791],[32.2281,-16.7839],[32.2259,-16.7833],[32.2161,-16.7724],[32.2005,-16.7669],[32.1808,-16.7737],[32.1771,-16.7773],[32.1629,-16.7786],[32.1535,-16.7888],[32.1454,-16.7886],[32.1377,-16.7911],[32.1311,-16.7891],[32.125,-16.7893],[32.1101,-16.7945],[32.1043,-16.7998],[32.1037,-16.8061],[32.0984,-16.8056],[32.0926,-16.8098],[32.0737,-16.8027],[32.0643,-16.8049],[32.0516,-16.8035],[32.0475,-16.8058],[32.0399,-16.8116],[32.0419,-16.8217],[32.0404,-16.8269],[32.0332,-16.8289],[32.0302,-16.8338],[32.022,-16.8353],[32.0114,-16.8401],[32.0033,-16.8479],[32.0007,-16.856],[32.003,-16.8626],[32.0031,-16.8756],[32.0043,-16.8804],[32.0085,-16.8846],[32.0098,-16.8888],[32.0095,-16.8919],[32.0038,-16.9012],[32.0048,-16.9052],[32.0014,-16.9098],[31.9967,-16.9128],[31.9925,-16.9135],[31.9808,-16.9212],[31.9764,-16.922],[31.9677,-16.9202],[31.9607,-16.9161],[31.9543,-16.9171],[31.9513,-16.921],[31.9442,-16.9387],[31.9447,-16.9461],[31.941,-16.9534],[31.9425,-16.9566],[31.9384,-16.9605],[31.9318,-16.9637],[31.9245,-16.9651],[31.9096,-16.9727],[31.9149,-16.9779],[31.9122,-16.9882],[31.9129,-17.0007],[31.9077,-17.0021],[31.8951,-17.0006],[31.8961,-17.0107],[31.8916,-17.0167],[31.8943,-17.0206],[31.9039,-17.0209],[31.9064,-17.0224],[31.9107,-17.0324],[31.9094,-17.0396],[31.8959,-17.0536],[31.8809,-17.0643],[31.8753,-17.07],[31.872,-17.069],[31.8686,-17.0698],[31.8561,-17.0793],[31.8532,-17.0846],[31.8551,-17.0895],[31.8485,-17.1044],[31.839,-17.1183],[31.8334,-17.1231],[31.8351,-17.1314],[31.8325,-17.1362],[31.841,-17.1428],[31.8481,-17.151],[31.8113,-17.168],[31.804,-17.1723],[31.7985,-17.1778],[31.7882,-17.1789],[31.7826,-17.1852],[31.7796,-17.1859],[31.772,-17.1844],[31.7648,-17.1865],[31.7621,-17.1895],[31.7619,-17.1953],[31.7578,-17.1983],[31.7498,-17.199],[31.7449,-17.1955],[31.7402,-17.1954],[31.7331,-17.1975],[31.728,-17.2021],[31.7226,-17.2156],[31.7343,-17.23],[31.7414,-17.2365],[31.7438,-17.2476],[31.7494,-17.2585],[31.7482,-17.2691],[31.7543,-17.279],[31.7514,-17.2881],[31.743,-17.2952],[31.7374,-17.3025],[31.721,-17.3152],[31.7159,-17.3221],[31.708,-17.3288],[31.7035,-17.3303],[31.6984,-17.3387],[31.6909,-17.3437],[31.6888,-17.3504],[31.6777,-17.3655],[31.6721,-17.369],[31.6661,-17.3693],[31.6624,-17.3734],[31.6565,-17.3744],[31.6493,-17.386],[31.6416,-17.3861],[31.6361,-17.3915],[31.6338,-17.4005],[31.6267,-17.4056],[31.6228,-17.4113],[31.6137,-17.4168],[31.6157,-17.4216],[31.6195,-17.4248],[31.623,-17.433],[31.6178,-17.434],[31.6133,-17.4324],[31.6117,-17.4349],[31.6113,-17.4403],[31.6058,-17.4433],[31.6049,-17.4473],[31.6025,-17.4473],[31.5964,-17.453],[31.5916,-17.4522],[31.5905,-17.4544],[31.5881,-17.4511],[31.5863,-17.4516],[31.5843,-17.4595],[31.5731,-17.4603],[31.5716,-17.4585],[31.5696,-17.4586],[31.564,-17.4608],[31.5634,-17.4645],[31.5528,-17.4654],[31.5419,-17.4678],[31.5404,-17.4692],[31.5323,-17.4679],[31.5283,-17.4712],[31.526,-17.4825],[31.5212,-17.4867],[31.513,-17.49],[31.5133,-17.4941],[31.5101,-17.4965],[31.508,-17.5051],[31.5054,-17.5086],[31.5073,-17.5144],[31.5059,-17.5178],[31.4838,-17.5462],[31.4829,-17.5501],[31.4739,-17.5589],[31.4727,-17.5658],[31.4756,-17.5716],[31.47,-17.579],[31.4695,-17.5828],[31.4586,-17.5625],[31.42,-17.5946],[31.3745,-17.6288],[31.3352,-17.6083],[31.3086,-17.6434],[31.2904,-17.6414],[31.2799,-17.6437],[31.2803,-17.6355],[31.2843,-17.6299],[31.2821,-17.6269],[31.2852,-17.6217],[31.2852,-17.6177],[31.2805,-17.6095],[31.2799,-17.6006],[31.2768,-17.5901],[31.2828,-17.5814],[31.2842,-17.5774],[31.2828,-17.5752],[31.2835,-17.5732],[31.2859,-17.5727],[31.2847,-17.5694],[31.2878,-17.5548],[31.2903,-17.5497],[31.2921,-17.5391],[31.295,-17.5354],[31.2978,-17.5288],[31.2983,-17.5227],[31.3003,-17.5203],[31.2992,-17.5172],[31.3003,-17.5124],[31.3024,-17.5102],[31.3011,-17.5075],[31.3047,-17.503],[31.3071,-17.4866],[31.2923,-17.4858],[31.2755,-17.4783],[31.2692,-17.48],[31.2619,-17.4759],[31.2534,-17.4765],[31.2453,-17.4722],[31.2434,-17.4733],[31.2386,-17.4706],[31.2278,-17.4737],[31.1739,-17.4559],[31.1552,-17.4517],[31.1522,-17.4494],[31.1382,-17.4448],[31.1394,-17.447],[31.1437,-17.4482],[31.1457,-17.4524],[31.1407,-17.456],[31.1346,-17.4652],[31.1264,-17.4653],[31.1251,-17.4687],[31.1192,-17.4701],[31.1199,-17.4724],[31.1171,-17.4735],[31.1162,-17.4771],[31.1197,-17.4786],[31.1186,-17.4822],[31.1249,-17.4844],[31.1254,-17.4924],[31.1177,-17.501],[31.1085,-17.5062],[31.1124,-17.5127],[31.1088,-17.5169],[31.1161,-17.5186],[31.1208,-17.525],[31.1158,-17.5359],[31.1148,-17.5427],[31.0639,-17.5439],[31.0606,-17.5675],[31.061,-17.5915],[31.0584,-17.6163],[31.0518,-17.6128],[31.0676,-17.6345],[31.0523,-17.6413],[31.074,-17.687],[31.0788,-17.6803],[31.0844,-17.6801],[31.0854,-17.6732],[31.0888,-17.6656],[31.1015,-17.6656],[31.1154,-17.6678],[31.1169,-17.6773],[31.1189,-17.6809],[31.1162,-17.6939],[31.1221,-17.6913],[31.1388,-17.6925],[31.1391,-17.6962],[31.1379,-17.6977],[31.1483,-17.7007],[31.1481,-17.6955],[31.1458,-17.6941],[31.1462,-17.6916],[31.1439,-17.6893],[31.147,-17.6862],[31.1504,-17.6882],[31.1516,-17.6933],[31.1591,-17.6965],[31.1578,-17.6996],[31.1544,-17.7015],[31.1572,-17.7037],[31.1599,-17.7041],[31.1638,-17.696],[31.1725,-17.6996],[31.1812,-17.6962],[31.1892,-17.7052],[31.1973,-17.7186],[31.1973,-17.716],[31.2004,-17.7121],[31.2054,-17.7119],[31.2098,-17.7265],[31.2015,-17.7296],[31.2021,-17.7425],[31.1959,-17.7494],[31.2012,-17.7749],[31.2118,-17.7926],[31.1921,-17.805],[31.2097,-17.8126],[31.2032,-17.82],[31.214,-17.8192],[31.2151,-17.8205],[31.2201,-17.8398],[31.2217,-17.8493],[31.2195,-17.8512],[31.1963,-17.8593],[31.1951,-17.8619],[31.2154,-17.8797],[31.2086,-17.8796],[31.2118,-17.8866],[31.2043,-17.8859],[31.1979,-17.8897],[31.1982,-17.8968],[31.192,-17.9032],[31.1926,-17.9069],[31.1896,-17.9149],[31.1736,-17.9075],[31.1707,-17.9206],[31.1636,-17.9219],[31.1658,-17.9281],[31.1361,-17.9289],[31.1363,-17.9463],[31.135,-17.947],[31.1373,-17.9498],[31.1339,-17.9505],[31.1416,-17.959],[31.1273,-17.9628],[31.1118,-17.9865],[31.1118,-17.988],[31.1162,-17.9908],[31.1135,-17.9945],[31.1032,-17.9867],[31.0838,-17.9838],[31.068,-17.9834],[31.0649,-17.9801],[31.0564,-17.9781],[31.0568,-17.9838],[31.0598,-17.9868],[31.0659,-17.9892],[31.0736,-17.9998],[31.0965,-18.0035],[31.1271,-18.0197],[31.1159,-18.0311],[31.1118,-18.0334],[31.1002,-18.0352],[31.0963,-18.0349],[31.0943,-18.0326],[31.0912,-18.0335],[31.0819,-18.0409],[31.0811,-18.0401],[31.0734,-18.0439],[31.0709,-18.0476],[31.0639,-18.048],[31.0614,-18.0509],[31.062,-18.0498],[31.0591,-18.0477],[31.0595,-18.0457],[31.0561,-18.0446],[31.0501,-18.0393],[31.0498,-18.0331],[31.0422,-18.0314],[31.0398,-18.0266],[31.0357,-18.0254],[31.034,-18.0203],[31.0253,-18.0181],[31.0231,-18.0153],[31.0184,-18.0129],[31.0118,-18.0155],[31.0096,-18.0128],[31.0071,-18.0146],[31.0054,-18.0122],[31.0028,-18.0116],[31.0026,-18.0055],[30.9992,-18.0058],[30.9945,-18.0009],[30.9976,-18.0011],[31,-17.9994],[30.9997,-17.9977],[30.995,-17.9976],[30.9881,-17.9911],[30.9886,-17.9871],[30.9874,-17.9849],[30.9829,-17.9888],[30.9803,-17.988],[30.974,-17.9783],[30.9711,-17.9783],[30.9678,-17.9827],[30.9605,-17.9813],[30.9603,-17.9781],[30.951,-17.9775],[30.9477,-17.975],[30.9472,-17.9713],[30.9417,-17.9715],[30.9366,-17.9692],[30.9222,-17.9601],[30.9116,-17.9597],[30.9076,-17.9642],[30.9055,-17.9641],[30.9043,-17.9617],[30.909,-17.9562],[30.9082,-17.9552],[30.9017,-17.9574],[30.8945,-17.949]]]}},{"type":"Feature","properties":{"name":"Mashonaland West"},"geometry":{"type":"Polygon","coordinates":[[[30.9625,-17.7139],[30.9579,-17.6693],[30.9554,-17.6605],[30.9305,-17.6621],[30.9285,-17.7006],[30.9127,-17.6872],[30.8979,-17.6788],[30.8671,-17.6645],[30.8446,-17.6505],[30.8375,-17.6627],[30.7899,-17.64],[30.7601,-17.6043],[30.7854,-17.5577],[30.7285,-17.5526],[30.6912,-17.5596],[30.6448,-17.5519],[30.6115,-17.5519],[30.6124,-17.5183],[30.617,-17.5022],[30.6213,-17.4763],[30.6195,-17.455],[30.6324,-17.4063],[30.6214,-17.3681],[30.6177,-17.3628],[30.6578,-17.2791],[30.6685,-17.2512],[30.6714,-17.241],[30.6551,-17.2362],[30.682,-17.2177],[30.7183,-17.1558],[30.7389,-17.0613],[30.6921,-17.0508],[30.6693,-17.0632],[30.663,-17.0362],[30.6406,-17.0481],[30.6365,-17.0274],[30.6335,-17.0251],[30.619,-17.0298],[30.6114,-17.0293],[30.5984,-17.0313],[30.5808,-17.0425],[30.5769,-17.0518],[30.548,-17.053],[30.5447,-17.0503],[30.545,-17.0402],[30.5422,-17.0216],[30.5394,-17.0151],[30.5368,-17.013],[30.5389,-17.0098],[30.5383,-17.0059],[30.5404,-17.0018],[30.5369,-16.998],[30.542,-16.9882],[30.5507,-16.9863],[30.5524,-16.9815],[30.5502,-16.9793],[30.5487,-16.9727],[30.535,-16.9682],[30.5324,-16.9685],[30.5296,-16.9665],[30.53,-16.9643],[30.5337,-16.9629],[30.5339,-16.9614],[30.5327,-16.9601],[30.5276,-16.9595],[30.527,-16.9427],[30.5208,-16.9371],[30.5221,-16.9317],[30.5188,-16.9222],[30.5234,-16.9181],[30.5229,-16.9082],[30.525,-16.8972],[30.5253,-16.8845],[30.5208,-16.8727],[30.518,-16.8704],[30.5204,-16.8694],[30.5208,-16.8668],[30.5231,-16.8654],[30.5204,-16.863],[30.5203,-16.8601],[30.5241,-16.8533],[30.5213,-16.8471],[30.5181,-16.8473],[30.5098,-16.8415],[30.5113,-16.8368],[30.5101,-16.8345],[30.5052,-16.8352],[30.5031,-16.8337],[30.5037,-16.8312],[30.5057,-16.8312],[30.5037,-16.8171],[30.5016,-16.815],[30.4976,-16.8153],[30.4964,-16.8135],[30.4971,-16.8058],[30.4891,-16.8023],[30.4888,-16.7981],[30.4854,-16.7963],[30.4845,-16.7914],[30.4903,-16.7873],[30.4953,-16.7769],[30.4998,-16.7749],[30.5064,-16.7672],[30.5089,-16.7636],[30.5102,-16.7569],[30.5216,-16.744],[30.5211,-16.7412],[30.5187,-16.7396],[30.5184,-16.7354],[30.5279,-16.73],[30.5277,-16.7274],[30.5255,-16.7251],[30.5221,-16.7261],[30.5182,-16.7238],[30.5199,-16.7203],[30.5192,-16.7149],[30.5148,-16.7023],[30.5103,-16.6959],[30.5146,-16.6818],[30.51,-16.6808],[30.5018,-16.6853],[30.4975,-16.6758],[30.4717,-16.672],[30.462,-16.6681],[30.4558,-16.6636],[30.4479,-16.6636],[30.4397,-16.6562],[30.4294,-16.6543],[30.4222,-16.6552],[30.4137,-16.6454],[30.4113,-16.6452],[30.41,-16.648],[30.4066,-16.649],[30.4027,-16.6471],[30.3994,-16.6446],[30.3995,-16.638],[30.3947,-16.6345],[30.3968,-16.6307],[30.3946,-16.6279],[30.3948,-16.623],[30.3854,-16.6133],[30.3783,-16.6085],[30.3725,-16.5945],[30.3751,-16.5826],[30.3784,-16.5772],[30.3778,-16.5738],[30.3859,-16.5647],[30.3859,-16.5633],[30.3814,-16.5606],[30.3803,-16.5551],[30.3878,-16.5466],[30.3868,-16.5411],[30.389,-16.5392],[30.39,-16.5354],[30.3883,-16.5298],[30.3911,-16.5267],[30.3954,-16.5263],[30.3947,-16.5216],[30.3974,-16.5168],[30.4034,-16.5169],[30.4069,-16.5138],[30.4054,-16.5097],[30.4058,-16.495],[30.4038,-16.4892],[30.4084,-16.4794],[30.4078,-16.4693],[30.4136,-16.4615],[30.4134,-16.4546],[30.416,-16.4505],[30.4064,-16.441],[30.4063,-16.4379],[30.4113,-16.4342],[30.4185,-16.4318],[30.418,-16.4256],[30.4234,-16.4232],[30.4275,-16.4132],[30.4333,-16.4081],[30.4349,-16.4051],[30.4351,-16.3978],[30.4382,-16.3938],[30.4367,-16.3903],[30.4307,-16.385],[30.4276,-16.3715],[30.4248,-16.3682],[30.4206,-16.3584],[30.4175,-16.3551],[30.4216,-16.3509],[30.4188,-16.3466],[30.42,-16.339],[30.3819,-16.3368],[30.3741,-16.3348],[30.3643,-16.3402],[30.3593,-16.3406],[30.343,-16.335],[30.3276,-16.3371],[30.3248,-16.3354],[30.3204,-16.3352],[30.3177,-16.3339],[30.3162,-16.3305],[30.3184,-16.3243],[30.315,-16.3178],[30.3128,-16.3162],[30.3041,-16.3149],[30.3017,-16.3116],[30.3021,-16.2904],[30.2996,-16.2821],[30.2949,-16.2767],[30.2865,-16.2726],[30.2767,-16.27],[30.2663,-16.2714],[30.2542,-16.2762],[30.2482,-16.2731],[30.2442,-16.2673],[30.2409,-16.2655],[30.2342,-16.2649],[30.2177,-16.2682],[30.2071,-16.2763],[30.208,-16.2895],[30.2069,-16.2996],[30.2093,-16.3048],[30.214,-16.3064],[30.2143,-16.3096],[30.2082,-16.3121],[30.2057,-16.3156],[30.2103,-16.329],[30.2084,-16.3364],[30.1976,-16.349],[30.1932,-16.3512],[30.1639,-16.3548],[30.1533,-16.361],[30.1465,-16.3682],[30.1442,-16.3688],[30.118,-16.3693],[30.1105,-16.373],[30.1059,-16.3734],[30.0913,-16.3725],[30.0888,-16.375],[30.0841,-16.3861],[30.0812,-16.3891],[30.081,-16.3919],[30.0864,-16.3987],[30.0862,-16.4011],[30.0834,-16.4036],[30.0801,-16.4037],[30.0753,-16.3997],[30.0656,-16.3982],[30.0609,-16.3937],[30.0555,-16.3927],[30.0495,-16.3866],[30.0512,-16.3826],[30.0495,-16.3758],[30.0503,-16.3656],[30.0546,-16.3618],[30.0542,-16.358],[30.0582,-16.3541],[30.0584,-16.3455],[30.0651,-16.343],[30.0657,-16.3378],[30.0636,-16.3328],[30.0741,-16.3205],[30.0858,-16.3176],[30.0891,-16.3085],[30.0917,-16.307],[30.0893,-16.303],[30.0941,-16.2934],[30.0905,-16.2898],[30.0904,-16.2879],[30.0949,-16.2835],[30.0952,-16.2745],[30.0904,-16.26],[30.0932,-16.2488],[30.0901,-16.228],[30.0956,-16.2279],[30.1078,-16.2142],[30.1121,-16.213],[30.1199,-16.203],[30.1233,-16.1924],[30.1272,-16.1889],[30.1352,-16.1858],[30.1415,-16.1773],[30.1384,-16.1677],[30.1397,-16.1611],[30.1337,-16.1656],[30.1303,-16.1624],[30.1279,-16.1624],[30.1245,-16.1685],[30.1286,-16.1711],[30.1247,-16.1728],[30.1205,-16.172],[30.1139,-16.1672],[30.1137,-16.1643],[30.1178,-16.1649],[30.1189,-16.1636],[30.112,-16.1581],[30.1098,-16.1469],[30.1016,-16.137],[30.0991,-16.1311],[30.1027,-16.1283],[30.099,-16.1275],[30.0985,-16.1262],[30.1042,-16.1247],[30.1001,-16.1212],[30.0932,-16.1222],[30.0875,-16.1184],[30.085,-16.1136],[30.0869,-16.1091],[30.0858,-16.1047],[30.0814,-16.1047],[30.0783,-16.1013],[30.0809,-16.0941],[30.0787,-16.0932],[30.0788,-16.092],[30.0881,-16.0796],[30.0891,-16.0748],[30.094,-16.0751],[30.099,-16.0729],[30.0977,-16.0703],[30.0948,-16.0692],[30.0943,-16.0671],[30.0954,-16.0623],[30.1005,-16.0633],[30.0998,-16.0602],[30.1012,-16.0582],[30.0994,-16.0494],[30.1079,-16.0471],[30.1101,-16.0441],[30.1079,-16.0433],[30.0986,-16.0454],[30.0936,-16.0443],[30.0935,-16.0416],[30.0961,-16.0394],[30.0926,-16.034],[30.0878,-16.0389],[30.0867,-16.034],[30.0824,-16.0366],[30.0795,-16.0344],[30.0751,-16.0339],[30.0722,-16.03],[30.0742,-16.0276],[30.065,-16.0235],[30.0631,-16.0204],[30.0636,-16.0163],[30.0589,-16.0163],[30.062,-16.0128],[30.0633,-16.0056],[30.0612,-16.0008],[30.058,-16],[30.0553,-16.0033],[30.0474,-16.0031],[30.0463,-16.0012],[30.052,-15.9939],[30.0515,-15.9883],[30.1513,-15.9189],[30.3311,-15.7518],[30.3345,-15.7503],[30.3131,-15.7168],[30.2863,-15.7017],[30.2847,-15.6675],[30.2854,-15.6446],[30.2726,-15.6388],[30.2695,-15.6362],[30.2638,-15.6253],[30.2585,-15.6244],[30.253,-15.6288],[30.2412,-15.6456],[30.2182,-15.6658],[30.2123,-15.6674],[30.209,-15.6647],[30.2067,-15.6586],[30.1886,-15.6464],[30.1849,-15.6405],[30.1812,-15.63],[30.1757,-15.6222],[30.1647,-15.6165],[30.1478,-15.6165],[30.1357,-15.6182],[30.1125,-15.6266],[30.0747,-15.6227],[30.068,-15.6241],[30.0521,-15.632],[30.0278,-15.6354],[30.0007,-15.6366],[29.984,-15.6415],[29.9677,-15.6417],[29.9555,-15.6368],[29.9467,-15.6278],[29.9429,-15.6261],[29.9157,-15.6197],[29.9068,-15.6191],[29.8939,-15.6209],[29.8849,-15.6135],[29.8816,-15.6126],[29.8328,-15.6071],[29.8222,-15.6072],[29.8072,-15.6097],[29.7979,-15.6077],[29.7893,-15.608],[29.7825,-15.6115],[29.7758,-15.6177],[29.7598,-15.6241],[29.7497,-15.6268],[29.7382,-15.6267],[29.7286,-15.6318],[29.7196,-15.6347],[29.7124,-15.635],[29.7054,-15.6384],[29.6932,-15.6385],[29.6709,-15.6435],[29.6527,-15.6535],[29.6364,-15.6601],[29.6248,-15.662],[29.6122,-15.662],[29.6003,-15.6598],[29.5809,-15.6433],[29.5753,-15.6418],[29.5574,-15.6418],[29.5445,-15.6518],[29.5268,-15.6741],[29.5076,-15.683],[29.4988,-15.6861],[29.4943,-15.684],[29.481,-15.6858],[29.4758,-15.6847],[29.4639,-15.6879],[29.4364,-15.6869],[29.4301,-15.6894],[29.4249,-15.6894],[29.416,-15.6955],[29.4038,-15.7081],[29.3989,-15.7106],[29.39,-15.7113],[29.364,-15.7081],[29.3451,-15.716],[29.334,-15.726],[29.308,-15.7321],[29.2942,-15.7436],[29.269,-15.7551],[29.2456,-15.7634],[29.2281,-15.762],[29.2144,-15.7688],[29.1945,-15.7907],[29.158,-15.8133],[29.1309,-15.833],[29.1175,-15.8449],[29.0918,-15.8628],[29.0647,-15.8783],[29.0435,-15.9052],[29.0356,-15.9253],[29.0285,-15.9343],[29.0152,-15.9404],[28.9817,-15.936],[28.975,-15.9389],[28.9642,-15.9396],[28.9286,-15.9377],[28.9133,-15.9438],[28.9107,-15.947],[28.9032,-15.9665],[28.8894,-15.9848],[28.8811,-16.0073],[28.8764,-16.0148],[28.8713,-16.0218],[28.8512,-16.0351],[28.8489,-16.038],[28.8471,-16.0473],[28.8478,-16.0529],[28.8522,-16.0655],[28.8534,-16.078],[28.8636,-16.1031],[28.8645,-16.1159],[28.863,-16.1239],[28.8542,-16.1397],[28.8399,-16.1533],[28.8363,-16.1623],[28.8398,-16.1879],[28.8356,-16.2104],[28.8392,-16.2249],[28.8427,-16.2319],[28.8557,-16.2363],[28.8573,-16.2405],[28.855,-16.2519],[28.8357,-16.2754],[28.8317,-16.2887],[28.8268,-16.2957],[28.823,-16.3059],[28.824,-16.3127],[28.8284,-16.3197],[28.8406,-16.3261],[28.844,-16.3321],[28.844,-16.3397],[28.8405,-16.3492],[28.8495,-16.3625],[28.8509,-16.3722],[28.8466,-16.3768],[28.8445,-16.3873],[28.8449,-16.392],[28.8401,-16.4015],[28.8396,-16.4074],[28.8232,-16.4254],[28.8181,-16.4368],[28.8172,-16.4463],[28.8228,-16.4565],[28.8239,-16.4651],[28.8154,-16.4846],[28.809,-16.4875],[28.7785,-16.5097],[28.7709,-16.5124],[28.7611,-16.5211],[28.742,-16.5427],[28.64,-16.5619],[28.5022,-16.6202],[28.4968,-16.6173],[28.4888,-16.617],[28.4826,-16.6215],[28.4833,-16.6295],[28.4714,-16.6364],[28.4676,-16.6402],[28.4618,-16.6509],[28.4485,-16.6569],[28.4459,-16.6629],[28.44,-16.6672],[28.4296,-16.6677],[28.4256,-16.6659],[28.4211,-16.6605],[28.4173,-16.6592],[28.4118,-16.6542],[28.4068,-16.6536],[28.4014,-16.6541],[28.3946,-16.6579],[28.3847,-16.659],[28.3769,-16.6585],[28.3669,-16.6533],[28.3507,-16.6589],[28.3443,-16.6593],[28.33,-16.6637],[28.3219,-16.6715],[28.319,-16.6796],[28.315,-16.6846],[28.2959,-16.6996],[28.2871,-16.7019],[28.2734,-16.6982],[28.2639,-16.7002],[28.2617,-16.7047],[28.2639,-16.714],[28.2633,-16.7167],[28.2559,-16.7208],[28.2482,-16.7209],[28.2486,-16.7317],[28.2468,-16.7351],[28.2384,-16.7389],[28.1359,-16.8238],[28.0634,-16.8529],[28.014,-16.8766],[28.0232,-16.886],[28.0298,-16.8962],[28.0288,-16.9259],[28.0309,-16.9365],[28.0331,-16.9387],[28.033,-16.9489],[28.0204,-16.9805],[28.0212,-16.9848],[28.0291,-16.9976],[28.0401,-17.0079],[28.0325,-17.0192],[28.0476,-17.023],[28.0653,-17.0229],[28.0677,-17.0263],[28.0639,-17.0318],[28.0518,-17.0402],[28.0469,-17.0453],[28.0468,-17.0494],[28.0527,-17.0613],[28.0523,-17.0844],[28.0477,-17.0907],[28.0325,-17.0975],[28.0321,-17.1017],[28.0463,-17.1114],[28.0627,-17.0991],[28.0673,-17.0988],[28.0709,-17.101],[28.0929,-17.124],[28.0926,-17.1264],[28.0879,-17.1308],[28.0874,-17.1341],[28.0905,-17.1364],[28.0918,-17.145],[28.0951,-17.1479],[28.0991,-17.1475],[28.1082,-17.139],[28.118,-17.1364],[28.1242,-17.1367],[28.1347,-17.1398],[28.143,-17.1453],[28.1447,-17.1485],[28.1434,-17.1547],[28.1402,-17.1604],[28.131,-17.1676],[28.1362,-17.1835],[28.1355,-17.1953],[28.138,-17.1997],[28.1458,-17.2046],[28.1539,-17.2019],[28.156,-17.2129],[28.1525,-17.2182],[28.1376,-17.2181],[28.136,-17.2214],[28.1384,-17.2283],[28.1505,-17.2318],[28.15,-17.2341],[28.1436,-17.2404],[28.1437,-17.2425],[28.1641,-17.2496],[28.1647,-17.2544],[28.1601,-17.2564],[28.1566,-17.2544],[28.1541,-17.2579],[28.1508,-17.2579],[28.1475,-17.2549],[28.1496,-17.2504],[28.1472,-17.2496],[28.1422,-17.2527],[28.1421,-17.2608],[28.1454,-17.2626],[28.15,-17.2623],[28.153,-17.2659],[28.1656,-17.2653],[28.1706,-17.2677],[28.172,-17.2727],[28.166,-17.2737],[28.1645,-17.279],[28.1659,-17.2806],[28.168,-17.2804],[28.1696,-17.283],[28.1721,-17.2822],[28.1721,-17.2858],[28.1715,-17.2893],[28.1654,-17.2966],[28.1635,-17.3071],[28.1718,-17.308],[28.1731,-17.3234],[28.1748,-17.3238],[28.1758,-17.3199],[28.1798,-17.3157],[28.182,-17.3158],[28.1896,-17.3241],[28.1979,-17.3291],[28.1983,-17.3303],[28.1933,-17.336],[28.1939,-17.3392],[28.1963,-17.3418],[28.2046,-17.3422],[28.2099,-17.3504],[28.2211,-17.35],[28.2338,-17.3551],[28.2408,-17.367],[28.2424,-17.3729],[28.2392,-17.3844],[28.2394,-17.392],[28.2419,-17.3949],[28.2427,-17.3997],[28.2484,-17.3993],[28.2504,-17.401],[28.2531,-17.4021],[28.2579,-17.3998],[28.265,-17.401],[28.2796,-17.3942],[28.2835,-17.3992],[28.2864,-17.4003],[28.2904,-17.3993],[28.2973,-17.3942],[28.3002,-17.3957],[28.3014,-17.3995],[28.3042,-17.4005],[28.3152,-17.3978],[28.3196,-17.3993],[28.3229,-17.3985],[28.325,-17.4012],[28.3273,-17.4015],[28.3344,-17.3943],[28.3377,-17.3935],[28.3387,-17.3957],[28.3403,-17.3956],[28.3436,-17.3932],[28.3485,-17.3854],[28.3511,-17.3842],[28.4327,-17.373],[28.4379,-17.3711],[28.4589,-17.378],[28.4588,-17.3747],[28.456,-17.3704],[28.4576,-17.3685],[28.4657,-17.3656],[28.4665,-17.3673],[28.4636,-17.372],[28.4687,-17.3734],[28.4732,-17.3782],[28.4769,-17.3792],[28.4744,-17.3843],[28.4804,-17.383],[28.4861,-17.3863],[28.4992,-17.3859],[28.5031,-17.3907],[28.5046,-17.3988],[28.5077,-17.3979],[28.509,-17.4008],[28.5175,-17.4057],[28.523,-17.413],[28.5245,-17.411],[28.5271,-17.4133],[28.5299,-17.4111],[28.5346,-17.4138],[28.5409,-17.4134],[28.5447,-17.4109],[28.5395,-17.4058],[28.5389,-17.4017],[28.5437,-17.3996],[28.5545,-17.3889],[28.5616,-17.3754],[28.5747,-17.3595],[28.5901,-17.3439],[28.5928,-17.3365],[28.6009,-17.329],[28.6067,-17.316],[28.6134,-17.3123],[28.6206,-17.313],[28.6292,-17.3097],[28.6369,-17.3025],[28.6382,-17.3001],[28.6352,-17.2967],[28.635,-17.2917],[28.6319,-17.2876],[28.6352,-17.2769],[28.6383,-17.2733],[28.6383,-17.2668],[28.6575,-17.2401],[28.6633,-17.2369],[28.6634,-17.234],[28.6614,-17.2311],[28.664,-17.2286],[28.6641,-17.2244],[28.6701,-17.2125],[28.6684,-17.2103],[28.6715,-17.2004],[28.6788,-17.2036],[28.6847,-17.2091],[28.6898,-17.2087],[28.7005,-17.2131],[28.7025,-17.216],[28.7039,-17.2155],[28.7033,-17.2123],[28.7078,-17.2112],[28.7083,-17.216],[28.7094,-17.2163],[28.7097,-17.2136],[28.7123,-17.2153],[28.7132,-17.2136],[28.7132,-17.2052],[28.7109,-17.202],[28.7147,-17.1957],[28.7182,-17.193],[28.723,-17.1924],[28.7258,-17.1904],[28.7327,-17.184],[28.735,-17.1784],[28.742,-17.1784],[28.7435,-17.1771],[28.749,-17.1673],[28.7489,-17.1618],[28.7529,-17.1594],[28.7561,-17.1584],[28.7592,-17.1594],[28.766,-17.1566],[28.7708,-17.1637],[28.7737,-17.1644],[28.777,-17.1637],[28.7791,-17.1576],[28.7833,-17.1586],[28.7869,-17.1625],[28.7916,-17.1564],[28.7937,-17.1559],[28.7983,-17.1603],[28.8014,-17.1579],[28.8029,-17.1524],[28.8079,-17.1501],[28.8108,-17.1506],[28.8232,-17.1476],[28.8321,-17.1474],[28.8339,-17.1507],[28.8428,-17.1518],[28.8514,-17.1548],[28.855,-17.1534],[28.8592,-17.1552],[28.865,-17.1489],[28.873,-17.1522],[28.8815,-17.1519],[28.8853,-17.1539],[28.8908,-17.1515],[28.8919,-17.1474],[28.9004,-17.1411],[28.9091,-17.1419],[28.9161,-17.1374],[28.9226,-17.1254],[28.9227,-17.1198],[28.9246,-17.1171],[28.9322,-17.132],[28.9315,-17.1389],[28.9365,-17.1513],[28.938,-17.1605],[28.9418,-17.1641],[28.948,-17.1655],[28.9503,-17.1737],[28.9561,-17.1807],[28.9618,-17.2035],[28.9682,-17.2108],[28.9723,-17.2125],[28.9768,-17.2204],[28.9816,-17.2239],[28.9872,-17.2249],[29.0002,-17.2234],[29.0177,-17.2246],[29.0216,-17.2276],[29.0274,-17.2362],[29.0443,-17.2385],[29.0488,-17.2401],[29.0578,-17.2483],[29.0667,-17.249],[29.0703,-17.2563],[29.0706,-17.2682],[29.0732,-17.2714],[29.0975,-17.2712],[29.1004,-17.269],[29.1057,-17.2702],[29.1149,-17.2792],[29.1166,-17.2844],[29.1278,-17.2853],[29.1481,-17.2922],[29.1624,-17.2995],[29.1747,-17.301],[29.1861,-17.3048],[29.2026,-17.3064],[29.2134,-17.3055],[29.2284,-17.2966],[29.2327,-17.2968],[29.2381,-17.2999],[29.2422,-17.3034],[29.2515,-17.3172],[29.2648,-17.3256],[29.2709,-17.3312],[29.2724,-17.3408],[29.2785,-17.3524],[29.2783,-17.3569],[29.2763,-17.3606],[29.276,-17.3707],[29.2802,-17.3813],[29.295,-17.3905],[29.3087,-17.4038],[29.3152,-17.4074],[29.3195,-17.4127],[29.3284,-17.4159],[29.3325,-17.4322],[29.3388,-17.4394],[29.3534,-17.4467],[29.3612,-17.4605],[29.3685,-17.4651],[29.3861,-17.4724],[29.3913,-17.4725],[29.4049,-17.4659],[29.4065,-17.4666],[29.4065,-17.4736],[29.4046,-17.4801],[29.3929,-17.5002],[29.3777,-17.5134],[29.3674,-17.5181],[29.3672,-17.5218],[29.3699,-17.5271],[29.3673,-17.5322],[29.3449,-17.552],[29.3334,-17.5676],[29.3295,-17.5696],[29.3244,-17.5697],[29.3161,-17.574],[29.3143,-17.5767],[29.315,-17.5835],[29.3208,-17.5993],[29.3221,-17.6006],[29.3299,-17.5993],[29.3383,-17.6109],[29.3443,-17.6165],[29.3404,-17.6258],[29.3425,-17.6394],[29.3402,-17.6446],[29.3405,-17.6463],[29.3463,-17.6492],[29.3474,-17.6517],[29.3447,-17.6585],[29.3356,-17.6643],[29.3352,-17.6671],[29.3386,-17.6795],[29.3462,-17.6861],[29.3459,-17.6895],[29.3339,-17.704],[29.3054,-17.7164],[29.3041,-17.7192],[29.3067,-17.7316],[29.2988,-17.7417],[29.3006,-17.7482],[29.3072,-17.754],[29.3118,-17.7547],[29.3199,-17.7522],[29.3233,-17.7526],[29.3269,-17.7548],[29.3287,-17.7604],[29.3273,-17.7656],[29.319,-17.7739],[29.3164,-17.7756],[29.301,-17.777],[29.2978,-17.7786],[29.2905,-17.7867],[29.2916,-17.7958],[29.2834,-17.8411],[29.2667,-17.8533],[29.2653,-17.8565],[29.2667,-17.8674],[29.2638,-17.8753],[29.26,-17.8792],[29.2478,-17.8992],[29.2454,-17.9099],[29.2382,-17.9282],[29.2317,-17.9376],[29.2201,-17.9492],[29.221,-17.9526],[29.2292,-17.957],[29.2293,-17.9583],[29.2268,-17.9632],[29.2219,-17.9642],[29.2131,-17.9707],[29.2128,-17.976],[29.2148,-17.9796],[29.2174,-17.9916],[29.2079,-17.9976],[29.2048,-18.0069],[29.2048,-18.0159],[29.213,-18.0298],[29.2135,-18.0403],[29.217,-18.0532],[29.2233,-18.0679],[29.2236,-18.0744],[29.2264,-18.08],[29.2275,-18.0876],[29.2303,-18.0904],[29.238,-18.0928],[29.2444,-18.0993],[29.2449,-18.109],[29.2523,-18.118],[29.2506,-18.1275],[29.2591,-18.1467],[29.2634,-18.1505],[29.2712,-18.1682],[29.2728,-18.1757],[29.2754,-18.1782],[29.2852,-18.1821],[29.2916,-18.1876],[29.3038,-18.1949],[29.3183,-18.2098],[29.3259,-18.2134],[29.3476,-18.2171],[29.3478,-18.225],[29.3547,-18.2387],[29.3588,-18.258],[29.3608,-18.2604],[29.3659,-18.262],[29.3767,-18.2604],[29.3856,-18.2565],[29.3928,-18.2555],[29.4056,-18.2653],[29.4128,-18.2687],[29.4241,-18.2784],[29.4284,-18.2841],[29.4418,-18.2852],[29.4607,-18.2977],[29.4649,-18.2991],[29.4714,-18.2988],[29.4814,-18.3051],[29.4856,-18.3051],[29.499,-18.3196],[29.5332,-18.337],[29.5379,-18.3425],[29.5428,-18.3524],[29.5478,-18.3564],[29.5533,-18.3559],[29.5585,-18.3578],[29.5675,-18.3541],[29.5752,-18.3586],[29.5775,-18.3688],[29.576,-18.3796],[29.5643,-18.4068],[29.5643,-18.4188],[29.5676,-18.4245],[29.5674,-18.4269],[29.5635,-18.4277],[29.5604,-18.4324],[29.559,-18.4435],[29.55,-18.4457],[29.5455,-18.4542],[29.5515,-18.4769],[29.5473,-18.4827],[29.5537,-18.4885],[29.5514,-18.5001],[29.5541,-18.5141],[29.5521,-18.5214],[29.545,-18.5287],[29.5449,-18.5357],[29.5471,-18.5543],[29.554,-18.5702],[29.5544,-18.5798],[29.5575,-18.5822],[29.5645,-18.5825],[29.5682,-18.5848],[29.5713,-18.5847],[29.5756,-18.5792],[29.5814,-18.5777],[29.589,-18.5775],[29.5969,-18.5798],[29.612,-18.5919],[29.6182,-18.5993],[29.6257,-18.6005],[29.6358,-18.6129],[29.6398,-18.6147],[29.6437,-18.6135],[29.6483,-18.6167],[29.6534,-18.6152],[29.6655,-18.604],[29.6694,-18.605],[29.6765,-18.6103],[29.6906,-18.6139],[29.6961,-18.6102],[29.6995,-18.6105],[29.7077,-18.6156],[29.7201,-18.6109],[29.7305,-18.6111],[29.7355,-18.6192],[29.7345,-18.6299],[29.736,-18.6429],[29.7431,-18.6456],[29.7507,-18.6455],[29.7569,-18.6378],[29.7627,-18.6339],[29.7771,-18.6303],[29.7759,-18.6387],[29.7769,-18.6416],[29.7814,-18.6452],[29.7811,-18.6492],[29.7885,-18.6498],[29.7936,-18.6467],[29.8001,-18.6511],[29.8011,-18.6546],[29.7999,-18.6611],[29.8037,-18.6719],[29.8061,-18.6747],[29.8145,-18.6738],[29.8264,-18.6812],[29.8298,-18.682],[29.8332,-18.6799],[29.8353,-18.6728],[29.8423,-18.6715],[29.8504,-18.6775],[29.8539,-18.6831],[29.8557,-18.6908],[29.8588,-18.6904],[29.8614,-18.6854],[29.8648,-18.6837],[29.8706,-18.6874],[29.8796,-18.6898],[29.884,-18.696],[29.8895,-18.6957],[29.8912,-18.7031],[29.9041,-18.6957],[29.91,-18.6947],[29.9125,-18.6965],[29.9133,-18.7016],[29.915,-18.703],[29.9236,-18.7036],[29.9256,-18.7016],[29.9263,-18.6946],[29.9314,-18.6888],[29.9329,-18.6889],[29.9366,-18.6939],[29.9402,-18.6934],[29.9466,-18.6873],[29.9488,-18.6876],[29.9541,-18.6923],[29.9686,-18.6836],[29.9745,-18.683],[29.9767,-18.6805],[29.9809,-18.6897],[29.9892,-18.6951],[29.9934,-18.6965],[30.0049,-18.6943],[30.0085,-18.6956],[30.018,-18.713],[30.0286,-18.7089],[30.0309,-18.7024],[30.0344,-18.6996],[30.0397,-18.6981],[30.0497,-18.6999],[30.052,-18.7064],[30.0543,-18.7087],[30.0614,-18.7073],[30.067,-18.7095],[30.0698,-18.7134],[30.0689,-18.7182],[30.0718,-18.7227],[30.1005,-18.717],[30.1028,-18.718],[30.1052,-18.7224],[30.1132,-18.7208],[30.1204,-18.7244],[30.1323,-18.7183],[30.1402,-18.7214],[30.1466,-18.7193],[30.1508,-18.7254],[30.1608,-18.7254],[30.174,-18.7308],[30.1817,-18.7305],[30.187,-18.7356],[30.1882,-18.7392],[30.2065,-18.7523],[30.2115,-18.7581],[30.2134,-18.7612],[30.2143,-18.7685],[30.2219,-18.781],[30.2252,-18.7821],[30.2294,-18.7808],[30.2358,-18.7829],[30.239,-18.7803],[30.2469,-18.784],[30.2508,-18.784],[30.2545,-18.7868],[30.2589,-18.7844],[30.2602,-18.785],[30.2635,-18.7943],[30.2677,-18.7992],[30.2682,-18.8028],[30.2735,-18.806],[30.2746,-18.8091],[30.2781,-18.807],[30.2801,-18.8078],[30.2892,-18.8049],[30.2901,-18.8004],[30.296,-18.7956],[30.303,-18.7969],[30.3118,-18.8008],[30.3166,-18.8009],[30.3192,-18.8033],[30.3215,-18.8103],[30.3268,-18.8143],[30.3269,-18.8157],[30.3228,-18.817],[30.3235,-18.8198],[30.3375,-18.8301],[30.3425,-18.831],[30.3473,-18.837],[30.3534,-18.8375],[30.354,-18.8462],[30.3553,-18.848],[30.3662,-18.8478],[30.3739,-18.852],[30.3769,-18.8498],[30.3849,-18.8488],[30.3877,-18.8429],[30.3906,-18.8406],[30.3931,-18.8525],[30.3951,-18.8555],[30.4021,-18.8597],[30.4048,-18.857],[30.4081,-18.8581],[30.4115,-18.8617],[30.4119,-18.8649],[30.4151,-18.8644],[30.4188,-18.8596],[30.4209,-18.8603],[30.4291,-18.8705],[30.4397,-18.8775],[30.4469,-18.892],[30.4568,-18.8933],[30.4635,-18.8986],[30.4761,-18.9022],[30.4853,-18.8996],[30.4909,-18.9006],[30.4984,-18.9061],[30.4999,-18.9088],[30.5045,-18.9112],[30.5303,-18.9095],[30.544,-18.8958],[30.5575,-18.8768],[30.5582,-18.8196],[30.5998,-18.809],[30.6025,-18.7601],[30.6114,-18.7469],[30.5984,-18.6997],[30.6028,-18.6968],[30.6304,-18.7242],[30.6395,-18.6954],[30.6491,-18.7329],[30.6824,-18.671],[30.7067,-18.6433],[30.7069,-18.6382],[30.7089,-18.6371],[30.7091,-18.635],[30.7052,-18.6364],[30.7039,-18.6343],[30.7662,-18.5707],[30.7667,-18.5327],[30.765,-18.5034],[30.7667,-18.499],[30.7661,-18.4857],[30.7697,-18.4542],[30.7709,-18.4131],[30.7743,-18.4115],[30.7793,-18.4059],[30.7858,-18.4035],[30.7888,-18.3986],[30.7881,-18.3942],[30.7905,-18.3901],[30.7871,-18.386],[30.787,-18.3826],[30.7815,-18.3778],[30.7833,-18.3737],[30.7759,-18.3666],[30.7727,-18.3611],[30.767,-18.3602],[30.7671,-18.3563],[30.7646,-18.3532],[30.7639,-18.3489],[30.7585,-18.3504],[30.7582,-18.3437],[30.7537,-18.3413],[30.7463,-18.3432],[30.7403,-18.3361],[30.7403,-18.3325],[30.7342,-18.3321],[30.7342,-18.3297],[30.7273,-18.3277],[30.7253,-18.3238],[30.7229,-18.3229],[30.7221,-18.3194],[30.7234,-18.3151],[30.7197,-18.3143],[30.7181,-18.3084],[30.7092,-18.3063],[30.7089,-18.2954],[30.7049,-18.2903],[30.6992,-18.2875],[30.6993,-18.2796],[30.6957,-18.2718],[30.699,-18.2671],[30.6953,-18.2667],[30.6979,-18.2608],[30.7012,-18.2581],[30.6996,-18.2502],[30.6973,-18.247],[30.6975,-18.2371],[30.7175,-18.2283],[30.7218,-18.2204],[30.7277,-18.2171],[30.7366,-18.2079],[30.7436,-18.2052],[30.7489,-18.1988],[30.7477,-18.1952],[30.7494,-18.1906],[30.7543,-18.1874],[30.7597,-18.1769],[30.7646,-18.1723],[30.7648,-18.1703],[30.7626,-18.1676],[30.7574,-18.1679],[30.7574,-18.1613],[30.7466,-18.1543],[30.7515,-18.153],[30.7548,-18.1485],[30.7525,-18.1463],[30.7537,-18.142],[30.7562,-18.1388],[30.7566,-18.134],[30.7617,-18.126],[30.7615,-18.1053],[30.7651,-18.104],[30.7702,-18.0968],[30.7752,-18.094],[30.7902,-18.0931],[30.7938,-18.0906],[30.797,-18.0905],[30.7999,-18.0875],[30.7994,-18.0848],[30.7938,-18.0822],[30.7931,-18.0795],[30.7904,-18.0772],[30.7907,-18.0667],[30.7833,-18.051],[30.7843,-18.0442],[30.7747,-18.0324],[30.7723,-18.0222],[30.8166,-17.9812],[30.8085,-17.9469],[30.8313,-17.9209],[30.8374,-17.9297],[30.8411,-17.9451],[30.8442,-17.9445],[30.8439,-17.932],[30.8472,-17.929],[30.8447,-17.9244],[30.858,-17.9268],[30.8618,-17.9238],[30.8637,-17.9253],[30.8628,-17.9277],[30.8707,-17.9347],[30.8733,-17.9316],[30.882,-17.9353],[30.8945,-17.949],[30.8869,-17.9364],[30.9366,-17.9119],[30.8774,-17.8755],[30.8811,-17.8741],[30.8858,-17.8677],[30.8968,-17.8691],[30.8991,-17.8657],[30.8901,-17.8264],[30.8832,-17.8111],[30.8959,-17.8011],[30.8893,-17.796],[30.8902,-17.7805],[30.9052,-17.7772],[30.9185,-17.7794],[30.9086,-17.7643],[30.9486,-17.7571],[30.9508,-17.7094],[30.9625,-17.7139]]]}},{"type":"Feature","properties":{"name":"Masvingo"},"geometry":{"type":"Polygon","coordinates":[[[31.1885,-19.2338],[31.145,-19.2389],[31.0821,-19.244],[31.0149,-19.2562],[30.996,-19.2579],[30.996,-19.2538],[31.0001,-19.2487],[30.9891,-19.225],[30.9895,-19.1953],[30.9991,-19.1556],[30.9695,-19.1557],[30.9376,-19.1486],[30.92,-19.1802],[30.9214,-19.1923],[30.8924,-19.192],[30.8898,-19.1973],[30.8952,-19.202],[30.907,-19.2223],[30.9085,-19.2439],[30.8939,-19.2445],[30.8705,-19.2605],[30.6989,-19.3912],[30.6957,-19.3958],[30.7584,-19.4026],[30.7552,-19.4068],[30.76,-19.4145],[30.7541,-19.4225],[30.7534,-19.4374],[30.714,-19.429],[30.7093,-19.4565],[30.7182,-19.4637],[30.7201,-19.5211],[30.719,-19.5301],[30.7157,-19.5386],[30.7097,-19.5478],[30.7092,-19.5538],[30.7127,-19.5589],[30.6978,-19.5689],[30.6949,-19.5804],[30.6872,-19.5879],[30.6972,-19.6063],[30.7094,-19.6369],[30.7055,-19.6589],[30.7055,-19.6866],[30.6965,-19.6911],[30.6961,-19.7181],[30.6992,-19.7228],[30.6986,-19.73],[30.7047,-19.7441],[30.6956,-19.7442],[30.6902,-19.7484],[30.6883,-19.7564],[30.6926,-19.773],[30.6928,-19.7795],[30.6835,-19.7847],[30.6841,-19.7901],[30.6802,-19.7951],[30.6788,-19.8022],[30.6811,-19.8092],[30.6776,-19.8134],[30.6779,-19.8182],[30.6803,-19.8234],[30.6831,-19.8244],[30.6791,-19.8302],[30.6778,-19.8419],[30.6806,-19.8463],[30.6922,-19.8518],[30.6934,-19.8539],[30.6926,-19.856],[30.6868,-19.8588],[30.6865,-19.8614],[30.6339,-19.8664],[30.522,-19.8365],[30.4695,-19.8423],[30.4599,-19.8397],[30.459,-19.8457],[30.4539,-19.8499],[30.4559,-19.8541],[30.4554,-19.8579],[30.459,-19.8631],[30.4548,-19.8675],[30.4482,-19.8694],[30.4544,-19.8773],[30.4508,-19.8831],[30.4512,-19.8849],[30.4544,-19.887],[30.4573,-19.8854],[30.4595,-19.8861],[30.4586,-19.891],[30.4549,-19.8931],[30.4545,-19.8952],[30.4577,-19.8949],[30.4645,-19.9022],[30.4696,-19.9008],[30.4705,-19.9037],[30.4664,-19.9086],[30.4616,-19.919],[30.457,-19.9219],[30.4558,-19.9243],[30.4562,-19.9308],[30.4549,-19.9324],[30.4529,-19.9324],[30.4504,-19.9298],[30.4429,-19.9398],[30.4307,-19.9375],[30.4288,-19.9424],[30.4274,-19.941],[30.4254,-19.9433],[30.4263,-19.9521],[30.4227,-19.9612],[30.4258,-19.9629],[30.4325,-19.9612],[30.4333,-19.9622],[30.4279,-19.985],[30.4314,-19.9861],[30.431,-19.9901],[30.3548,-19.9974],[30.3342,-19.9928],[30.3221,-19.9996],[30.2507,-20.0063],[30.2238,-20.0125],[30.2198,-20.0168],[30.1501,-20.0233],[30.1445,-20.0242],[30.143,-20.0265],[30.144,-20.0333],[30.151,-20.0365],[30.1604,-20.044],[30.1668,-20.0436],[30.1707,-20.0545],[30.1852,-20.0635],[30.1904,-20.0653],[30.1917,-20.0673],[30.1882,-20.0717],[30.1853,-20.0806],[30.1863,-20.0844],[30.185,-20.0891],[30.1874,-20.0942],[30.1875,-20.098],[30.1853,-20.0995],[30.1798,-20.0989],[30.1767,-20.1001],[30.1759,-20.1038],[30.1719,-20.1082],[30.1683,-20.1188],[30.1666,-20.1211],[30.1618,-20.1224],[30.1582,-20.1267],[30.1619,-20.1352],[30.1667,-20.155],[30.164,-20.1695],[30.1606,-20.1759],[30.16,-20.1877],[30.1523,-20.1906],[30.1481,-20.1992],[30.1536,-20.2004],[30.1553,-20.202],[30.1565,-20.2073],[30.1585,-20.2065],[30.1978,-20.1717],[30.2778,-20.229],[30.2786,-20.2316],[30.2773,-20.2374],[30.2795,-20.2425],[30.2751,-20.2512],[30.2748,-20.2569],[30.2681,-20.2627],[30.2692,-20.2651],[30.2671,-20.272],[30.2613,-20.2764],[30.2602,-20.2835],[30.2436,-20.322],[30.244,-20.3357],[30.258,-20.3523],[30.2615,-20.3536],[30.2739,-20.3538],[30.2819,-20.357],[30.2868,-20.3566],[30.3138,-20.3649],[30.3201,-20.3713],[30.3183,-20.3876],[30.3227,-20.3964],[30.3391,-20.4181],[30.3452,-20.4231],[30.3524,-20.4199],[30.358,-20.4155],[30.3602,-20.4161],[30.3643,-20.4274],[30.3681,-20.4311],[30.3717,-20.4389],[30.3756,-20.4411],[30.3902,-20.4564],[30.3941,-20.4574],[30.4135,-20.4777],[30.4141,-20.4813],[30.411,-20.4878],[30.4123,-20.4912],[30.421,-20.4993],[30.4438,-20.528],[30.461,-20.5566],[30.4603,-20.5629],[30.4525,-20.5629],[30.4481,-20.5657],[30.4449,-20.573],[30.4449,-20.5757],[30.4493,-20.5827],[30.4506,-20.5895],[30.4512,-20.5963],[30.4495,-20.6092],[30.4538,-20.6173],[30.4514,-20.6237],[30.449,-20.6249],[30.4504,-20.6268],[30.4506,-20.6329],[30.4583,-20.6467],[30.467,-20.6524],[30.4769,-20.6544],[30.4788,-20.6563],[30.4814,-20.6611],[30.4815,-20.6659],[30.4788,-20.6761],[30.4815,-20.6802],[30.4925,-20.684],[30.5116,-20.681],[30.5199,-20.6823],[30.5098,-20.6919],[30.4975,-20.6974],[30.4869,-20.7049],[30.4814,-20.7151],[30.4786,-20.7407],[30.4801,-20.7484],[30.4734,-20.7563],[30.4691,-20.7696],[30.466,-20.7905],[30.4543,-20.8311],[30.4508,-20.8692],[30.4534,-20.8826],[30.4488,-20.894],[30.4477,-20.9095],[30.4434,-20.9231],[30.4427,-20.9392],[30.4452,-20.9625],[30.4175,-20.9865],[30.4093,-20.9993],[30.4027,-20.9998],[30.4011,-21.0061],[30.398,-21.0071],[30.3958,-21.0097],[30.3965,-21.0146],[30.3934,-21.0195],[30.3813,-21.019],[30.3783,-21.0204],[30.3719,-21.0256],[30.3637,-21.0354],[30.3572,-21.0379],[30.3568,-21.0399],[30.3426,-21.0434],[30.3372,-21.0431],[30.3163,-21.0301],[30.3089,-21.0307],[30.3009,-21.0366],[30.288,-21.0272],[30.2817,-21.0194],[30.2533,-21.0298],[30.2501,-21.041],[30.2426,-21.0406],[30.233,-21.0373],[30.2294,-21.0374],[30.2171,-21.0317],[30.2095,-21.0321],[30.1948,-21.0381],[30.1794,-21.0278],[30.1726,-21.03],[30.1694,-21.0338],[30.1659,-21.0345],[30.1465,-21.022],[30.1419,-21.0165],[30.1313,-21.0084],[30.1251,-21.0071],[30.109,-21.007],[30.0736,-20.9901],[30.0712,-20.9875],[30.0673,-20.9745],[30.0688,-20.9663],[30.0595,-20.9603],[30.0492,-20.9593],[30.0109,-20.931],[29.9911,-20.9181],[29.9876,-20.9114],[29.9707,-20.9094],[29.9543,-20.9153],[29.9468,-20.9117],[29.9431,-20.9153],[29.9274,-20.9228],[29.9029,-20.9454],[29.8823,-20.9586],[29.8457,-20.9925],[29.841,-20.9948],[29.8236,-21.0129],[29.7846,-21.0315],[29.7674,-21.0324],[29.7307,-21.0229],[29.7321,-21.0312],[29.731,-21.0333],[29.7361,-21.0429],[29.7478,-21.0732],[29.7474,-21.0773],[29.7521,-21.0873],[29.7547,-21.0878],[29.7567,-21.0909],[29.766,-21.0889],[29.7655,-21.098],[29.7701,-21.1022],[29.7707,-21.1074],[29.7743,-21.1116],[29.7772,-21.1123],[29.786,-21.1195],[29.7915,-21.128],[29.8013,-21.1356],[29.804,-21.1358],[29.8077,-21.1391],[29.8128,-21.1394],[29.8159,-21.1422],[29.8204,-21.1422],[29.8341,-21.1501],[29.8388,-21.1499],[29.8411,-21.1514],[29.8434,-21.1585],[29.8351,-21.1618],[29.8314,-21.1649],[29.8311,-21.1741],[29.8385,-21.179],[29.8422,-21.1884],[29.8448,-21.1878],[29.8457,-21.189],[29.8472,-21.1928],[29.8469,-21.2007],[29.851,-21.2044],[29.8579,-21.2048],[29.8745,-21.21],[29.8791,-21.21],[29.8808,-21.2143],[29.8857,-21.217],[29.8878,-21.2214],[29.8947,-21.2266],[29.893,-21.2293],[29.8862,-21.2317],[29.8874,-21.246],[29.8924,-21.251],[29.8865,-21.2634],[29.8893,-21.2652],[29.8914,-21.2698],[29.9012,-21.2681],[29.9063,-21.2694],[29.9188,-21.2768],[29.919,-21.2934],[29.9214,-21.2985],[29.9364,-21.3083],[29.9481,-21.3489],[29.9538,-21.3536],[29.9991,-21.3713],[30.0077,-21.3811],[30.0188,-21.3878],[30.0247,-21.4074],[30.0272,-21.4109],[30.0338,-21.4137],[30.035,-21.4181],[30.0402,-21.423],[30.0391,-21.4276],[30.0415,-21.4394],[30.0459,-21.4438],[30.0546,-21.4476],[30.0689,-21.4594],[30.0696,-21.4725],[30.0727,-21.4789],[30.0814,-21.4791],[30.0882,-21.4765],[30.0935,-21.4762],[30.1087,-21.4834],[30.107,-21.4875],[30.097,-21.4928],[30.0957,-21.4957],[30.0961,-21.5007],[30.1269,-21.4965],[30.1335,-21.4982],[30.1414,-21.5045],[30.1462,-21.5058],[30.1658,-21.5005],[30.1701,-21.5041],[30.1661,-21.5162],[30.1684,-21.5263],[30.1725,-21.5319],[30.1783,-21.5327],[30.1852,-21.5285],[30.193,-21.5287],[30.2086,-21.5387],[30.2115,-21.5426],[30.2144,-21.5514],[30.2183,-21.5539],[30.2213,-21.5535],[30.2308,-21.544],[30.2361,-21.5458],[30.2418,-21.552],[30.2429,-21.5636],[30.2397,-21.5758],[30.2298,-21.5858],[30.2302,-21.5915],[30.2334,-21.5944],[30.2505,-21.5937],[30.2572,-21.5915],[30.2639,-21.5916],[30.2757,-21.5969],[30.295,-21.5953],[30.306,-21.6014],[30.3282,-21.6002],[30.3321,-21.6023],[30.3383,-21.6111],[30.345,-21.6072],[30.3559,-21.5956],[30.3611,-21.5949],[30.3722,-21.601],[30.3812,-21.6108],[30.3878,-21.6111],[30.3952,-21.6088],[30.3978,-21.6111],[30.4022,-21.6204],[30.4075,-21.6246],[30.4269,-21.6305],[30.4434,-21.6312],[30.4464,-21.6357],[30.4461,-21.647],[30.4502,-21.6526],[30.4619,-21.6511],[30.4704,-21.6516],[30.4762,-21.656],[30.4783,-21.6615],[30.4825,-21.6632],[30.4855,-21.6625],[30.4899,-21.6568],[30.5035,-21.6581],[30.5081,-21.6634],[30.5076,-21.6738],[30.5053,-21.6777],[30.5001,-21.6795],[30.4992,-21.6818],[30.4995,-21.6871],[30.5019,-21.6914],[30.4979,-21.7011],[30.4982,-21.705],[30.4998,-21.708],[30.5038,-21.7103],[30.5092,-21.7117],[30.5185,-21.7115],[30.5218,-21.7142],[30.5243,-21.7198],[30.5341,-21.7199],[30.5353,-21.7283],[30.5431,-21.736],[30.5408,-21.745],[30.5443,-21.7479],[30.554,-21.7453],[30.5577,-21.7384],[30.5592,-21.7319],[30.5622,-21.7298],[30.5712,-21.7374],[30.5767,-21.7351],[30.5821,-21.736],[30.5877,-21.7449],[30.5881,-21.752],[30.5902,-21.754],[30.5965,-21.7519],[30.5995,-21.7431],[30.6071,-21.7458],[30.6195,-21.7632],[30.6316,-21.7594],[30.6396,-21.7509],[30.6445,-21.7481],[30.649,-21.7489],[30.6501,-21.7503],[30.6488,-21.7531],[30.6435,-21.7567],[30.6376,-21.764],[30.6348,-21.7689],[30.6354,-21.7713],[30.6426,-21.7744],[30.6532,-21.7814],[30.6586,-21.7799],[30.6652,-21.7816],[30.669,-21.7972],[30.6649,-21.8082],[30.6651,-21.8112],[30.6664,-21.8133],[30.672,-21.8148],[30.6742,-21.8174],[30.6698,-21.8237],[30.6702,-21.8295],[30.6724,-21.8315],[30.6828,-21.8305],[30.6852,-21.8316],[30.6929,-21.8397],[30.7029,-21.8473],[30.7108,-21.8503],[30.7151,-21.856],[30.7143,-21.8587],[30.7101,-21.8618],[30.7128,-21.8721],[30.7167,-21.8753],[30.7271,-21.8741],[30.7305,-21.8751],[30.7276,-21.8903],[30.7381,-21.8913],[30.7503,-21.9035],[30.7579,-21.905],[30.7614,-21.907],[30.762,-21.9094],[30.7602,-21.9135],[30.7689,-21.9188],[30.7713,-21.9222],[30.7694,-21.9242],[30.7635,-21.9255],[30.7561,-21.9296],[30.7542,-21.9326],[30.7569,-21.9414],[30.7616,-21.9492],[30.7672,-21.9548],[30.7727,-21.9566],[30.7833,-21.9646],[30.7981,-21.9642],[30.8068,-21.9698],[30.8087,-21.9748],[30.8011,-21.9753],[30.7966,-21.9808],[30.7978,-21.9855],[30.8029,-21.9915],[30.8017,-21.9966],[30.8037,-21.9991],[30.833,-21.9975],[30.8574,-22.0167],[30.8595,-22.0343],[30.8734,-22.0418],[30.8869,-22.0811],[30.8895,-22.0843],[30.8997,-22.0835],[30.9171,-22.0736],[30.9276,-22.0725],[30.9313,-22.0738],[30.9353,-22.0862],[30.9312,-22.1053],[30.9441,-22.1129],[30.9481,-22.125],[30.9479,-22.1365],[30.9547,-22.1551],[30.9626,-22.1598],[30.983,-22.1619],[30.9859,-22.1633],[30.9894,-22.1692],[30.9877,-22.1742],[31.0053,-22.1786],[31.0098,-22.194],[31.0065,-22.1972],[31.0024,-22.2072],[31.0133,-22.2084],[31.0133,-22.2108],[31.0059,-22.2246],[31.0109,-22.2275],[31.0204,-22.2184],[31.0304,-22.2214],[31.0345,-22.224],[31.036,-22.227],[31.0363,-22.2302],[31.0318,-22.2358],[31.0263,-22.2367],[31.0209,-22.2328],[31.0162,-22.2331],[31.0131,-22.2504],[31.0174,-22.2525],[31.0242,-22.2509],[31.0276,-22.2519],[31.0308,-22.2634],[31.0343,-22.2667],[31.0533,-22.2666],[31.0533,-22.2684],[31.0496,-22.2716],[31.0521,-22.2787],[31.0497,-22.2831],[31.0512,-22.2859],[31.0554,-22.2869],[31.0611,-22.2852],[31.0683,-22.2941],[31.0725,-22.2938],[31.0802,-22.2885],[31.0841,-22.2897],[31.0841,-22.2976],[31.0861,-22.302],[31.0986,-22.3143],[31.1003,-22.3202],[31.1133,-22.3353],[31.1133,-22.3375],[31.1205,-22.3382],[31.1296,-22.3332],[31.1478,-22.3285],[31.1599,-22.3276],[31.1736,-22.329],[31.1814,-22.3312],[31.1856,-22.3341],[31.1977,-22.3549],[31.2109,-22.364],[31.2165,-22.366],[31.2272,-22.3666],[31.2342,-22.3661],[31.2488,-22.3617],[31.2641,-22.3635],[31.2743,-22.3727],[31.2813,-22.3885],[31.286,-22.4041],[31.3046,-22.4146],[31.3096,-22.421],[31.3763,-22.3797],[31.5024,-22.2534],[31.7455,-22.0039],[31.7578,-21.9939],[32.1129,-21.6268],[32.4139,-21.3163],[32.4243,-21.3151],[32.445,-21.3089],[32.4481,-21.3075],[32.4359,-21.3048],[32.4278,-21.2982],[32.4175,-21.2933],[32.4115,-21.2881],[32.3924,-21.2625],[32.3765,-21.2547],[32.3624,-21.2524],[32.3544,-21.2483],[32.3379,-21.2461],[32.3294,-21.239],[32.322,-21.2291],[32.3124,-21.2221],[32.3047,-21.2102],[32.3059,-21.2022],[32.2944,-21.1927],[32.2892,-21.1843],[32.2858,-21.1596],[32.2707,-21.1045],[32.2655,-21.0994],[32.2577,-21.0969],[32.2466,-21.0984],[32.2404,-21.0975],[32.2366,-21.0843],[32.2338,-21.0795],[32.2247,-21.077],[32.2165,-21.0686],[32.1999,-21.0669],[32.1947,-21.0643],[32.188,-21.0526],[32.186,-21.0455],[32.1866,-21.0426],[32.1953,-21.0355],[32.1967,-21.0283],[32.1961,-21.024],[32.1905,-21.0164],[32.1749,-21.0079],[32.1649,-21.0053],[32.1577,-20.9978],[32.1549,-20.9893],[32.1529,-20.9876],[32.152,-20.9784],[32.1587,-20.9608],[32.1571,-20.949],[32.1473,-20.9401],[32.1401,-20.938],[32.1355,-20.9266],[32.1398,-20.9143],[32.1496,-20.9041],[32.154,-20.893],[32.1563,-20.8909],[32.1585,-20.8819],[32.1569,-20.8776],[32.1593,-20.8734],[32.1659,-20.8673],[32.1833,-20.8405],[32.1882,-20.8285],[32.1895,-20.8208],[32.1966,-20.8043],[32.2045,-20.8018],[32.2108,-20.7971],[32.2151,-20.7914],[32.2197,-20.7807],[32.2191,-20.7778],[32.2152,-20.7764],[32.2091,-20.769],[32.2088,-20.7542],[32.2091,-20.7522],[32.2127,-20.7508],[32.2138,-20.7403],[32.2173,-20.7297],[32.2277,-20.7118],[32.2256,-20.6986],[32.2289,-20.6906],[32.2346,-20.6865],[32.247,-20.6818],[32.2555,-20.6709],[32.2609,-20.6458],[32.2569,-20.6167],[32.2712,-20.5999],[32.2746,-20.5892],[32.2803,-20.5759],[32.2853,-20.5688],[32.2886,-20.559],[32.2878,-20.5319],[32.2829,-20.5182],[32.2827,-20.5122],[32.2864,-20.5042],[32.2891,-20.4896],[32.2884,-20.4765],[32.2843,-20.4546],[32.2881,-20.4233],[32.2889,-20.3971],[32.2912,-20.3884],[32.2958,-20.3443],[32.3063,-20.3098],[32.3067,-20.302],[32.312,-20.2857],[32.3146,-20.269],[32.3197,-20.2601],[32.3208,-20.2466],[32.3222,-20.2437],[32.3236,-20.2162],[32.3269,-20.2054],[32.3272,-20.1875],[32.33,-20.1781],[32.3377,-20.1634],[32.3391,-20.1568],[32.3381,-20.1318],[32.3408,-20.1142],[32.339,-20.1056],[32.3396,-20.096],[32.3404,-20.089],[32.3451,-20.0766],[32.3391,-20.0559],[32.3374,-20.0362],[32.3433,-20.019],[32.3436,-20.0143],[32.3401,-20.0028],[32.3406,-20],[32.3381,-19.9977],[32.335,-19.9907],[32.3294,-19.9855],[32.3198,-19.982],[32.2848,-19.9783],[32.277,-19.9729],[32.2717,-19.9642],[32.2674,-19.9611],[32.255,-19.9588],[32.2336,-19.9414],[32.2092,-19.9304],[32.2022,-19.9094],[32.1963,-19.9037],[32.1901,-19.9026],[32.1662,-19.9037],[32.1419,-19.9015],[32.0956,-19.9045],[32.0931,-19.9019],[32.09,-19.893],[32.086,-19.8912],[32.0829,-19.8874],[32.0774,-19.8714],[32.0758,-19.8701],[32.0669,-19.868],[32.0619,-19.8641],[32.0523,-19.8621],[32.0334,-19.8653],[32.0166,-19.8632],[32.0037,-19.8578],[31.9996,-19.8578],[31.9848,-19.849],[31.9778,-19.8402],[31.9678,-19.7996],[31.9267,-19.768],[31.9191,-19.7548],[31.8994,-19.7118],[31.8959,-19.7085],[31.877,-19.702],[31.8589,-19.6838],[31.8584,-19.685],[31.8559,-19.683],[31.8489,-19.6818],[31.8435,-19.6785],[31.843,-19.6679],[31.8353,-19.6649],[31.8346,-19.6589],[31.8329,-19.6569],[31.8235,-19.6552],[31.8277,-19.6304],[31.8255,-19.6203],[31.8162,-19.6175],[31.8022,-19.6069],[31.7955,-19.6051],[31.7913,-19.5999],[31.791,-19.594],[31.7857,-19.5917],[31.7747,-19.5901],[31.772,-19.5847],[31.7701,-19.5837],[31.7609,-19.5833],[31.7563,-19.5858],[31.7393,-19.584],[31.7361,-19.5797],[31.7335,-19.5602],[31.7265,-19.5424],[31.7143,-19.5405],[31.7095,-19.5286],[31.7031,-19.5243],[31.6832,-19.5223],[31.6818,-19.506],[31.6784,-19.4972],[31.6793,-19.4927],[31.6759,-19.4866],[31.6764,-19.478],[31.6752,-19.4743],[31.6777,-19.4709],[31.6778,-19.4683],[31.6746,-19.4614],[31.6689,-19.4609],[31.6567,-19.4662],[31.6493,-19.4665],[31.6456,-19.4642],[31.6418,-19.4582],[31.6396,-19.4575],[31.6324,-19.4609],[31.622,-19.4634],[31.6171,-19.4581],[31.6146,-19.4519],[31.6104,-19.4471],[31.5998,-19.4503],[31.5937,-19.4507],[31.5896,-19.4559],[31.5863,-19.456],[31.5832,-19.4539],[31.573,-19.4569],[31.5669,-19.4476],[31.5636,-19.4449],[31.5606,-19.4372],[31.5486,-19.4173],[31.5275,-19.4118],[31.525,-19.4057],[31.5264,-19.3947],[31.5216,-19.3905],[31.5122,-19.3889],[31.5032,-19.3854],[31.4923,-19.3852],[31.4903,-19.3836],[31.4893,-19.3768],[31.48,-19.3727],[31.4773,-19.3727],[31.4641,-19.381],[31.4613,-19.3813],[31.4519,-19.3692],[31.4484,-19.3624],[31.4438,-19.3601],[31.4402,-19.3627],[31.4338,-19.3775],[31.431,-19.3769],[31.4251,-19.37],[31.4111,-19.3748],[31.4068,-19.3743],[31.4021,-19.3705],[31.396,-19.3688],[31.3821,-19.3522],[31.3649,-19.3369],[31.3588,-19.3351],[31.354,-19.3292],[31.3383,-19.3188],[31.3252,-19.3115],[31.3181,-19.3094],[31.3112,-19.2995],[31.2939,-19.2911],[31.2838,-19.2808],[31.2588,-19.2729],[31.2502,-19.2673],[31.2414,-19.2586],[31.2306,-19.2548],[31.2178,-19.2448],[31.2093,-19.2444],[31.2036,-19.2398],[31.1932,-19.2407],[31.1885,-19.2338]]]}},{"type":"Feature","properties":{"name":"Matabeleland North"},"geometry":{"type":"Polygon","coordinates":[[[28.6053,-20.2274],[28.6331,-20.2588],[28.657,-20.2824],[28.6691,-20.2983],[28.7224,-20.2653],[28.7232,-20.2636],[28.7139,-20.2527],[28.7424,-20.2208],[28.7528,-20.2149],[28.7655,-20.1795],[28.7812,-20.1429],[28.7678,-20.1404],[28.7708,-20.137],[28.7745,-20.1388],[28.7767,-20.1347],[28.7733,-20.1334],[28.7787,-20.1255],[28.7917,-20.1219],[28.7933,-20.1309],[28.8602,-20.076],[28.816,-20.0447],[28.8956,-20.0399],[28.9618,-19.9728],[28.9846,-19.9559],[28.9888,-19.9453],[28.9914,-19.9427],[28.955,-19.8217],[29.0466,-19.8532],[29.072,-19.83],[29.0979,-19.814],[29.0858,-19.8072],[29.1035,-19.7754],[29.1029,-19.7093],[29.0417,-19.6573],[29.0692,-19.6544],[29.1157,-19.6013],[29.1951,-19.5647],[29.1271,-19.5347],[29.0944,-19.5342],[29.0835,-19.5193],[29.0821,-19.5097],[29.0903,-19.5065],[29.0921,-19.5015],[29.0964,-19.5006],[29.1027,-19.4918],[29.1073,-19.4903],[29.1719,-19.4977],[29.2155,-19.5296],[29.2338,-19.4824],[29.2319,-19.4805],[29.2267,-19.4798],[29.2192,-19.476],[29.2167,-19.4702],[29.2073,-19.4595],[29.2007,-19.4613],[29.1962,-19.4586],[29.1934,-19.4479],[29.182,-19.4372],[29.175,-19.434],[29.1632,-19.4227],[29.1566,-19.4079],[29.1554,-19.4016],[29.1487,-19.3951],[29.129,-19.3887],[29.1212,-19.3894],[29.1047,-19.3786],[29.092,-19.3735],[29.09,-19.3663],[29.0855,-19.3599],[29.0728,-19.3505],[29.0712,-19.3472],[29.0721,-19.3397],[29.058,-19.331],[29.0536,-19.3193],[29.0478,-19.3119],[29.0342,-19.3104],[29.0336,-19.3033],[29.0289,-19.295],[29.0217,-19.2894],[29.0197,-19.2849],[29.021,-19.2744],[29.017,-19.2679],[29.0189,-19.2588],[29.0328,-19.2424],[29.0214,-19.2243],[29.0166,-19.2195],[29.0154,-19.2078],[29.0028,-19.1956],[29.0047,-19.1923],[29.0042,-19.1857],[29.001,-19.1823],[29.0061,-19.1761],[29.0008,-19.1655],[29.0011,-19.1616],[28.9995,-19.1582],[29.0009,-19.1413],[29.0061,-19.1359],[29.0084,-19.1297],[29.0031,-19.1259],[29.0058,-19.1179],[29.011,-19.112],[29.011,-19.1074],[29.0166,-19.1051],[29.0173,-19.1024],[29.0157,-19.0997],[29.0148,-19.0921],[29.0112,-19.0917],[29.0095,-19.0898],[29.0111,-19.0852],[29.0041,-19.0742],[29.0018,-19.0648],[28.9924,-19.0583],[28.9867,-19.0433],[28.9827,-19.0397],[28.9747,-19.0367],[28.975,-19.0314],[28.9783,-19.0241],[28.9776,-19.021],[28.9716,-19.021],[28.9651,-19.0187],[28.9602,-19.0212],[28.9511,-19.0201],[28.9395,-19.0133],[28.9377,-19.0099],[28.9076,-18.8835],[28.8669,-18.7233],[28.9229,-18.7089],[29.0008,-18.6799],[29.0019,-18.6805],[29.1255,-18.6334],[29.1289,-18.6123],[29.0903,-18.5786],[29.0086,-18.5805],[28.9414,-18.5754],[28.8657,-18.5747],[28.7506,-18.5707],[28.7423,-18.5699],[28.7172,-18.5616],[28.7116,-18.5585],[28.6926,-18.5558],[28.6807,-18.5507],[28.6628,-18.5519],[28.6567,-18.5537],[28.652,-18.5568],[28.6495,-18.5607],[28.6447,-18.5619],[28.6324,-18.5578],[28.6237,-18.5574],[28.6188,-18.5605],[28.6135,-18.5609],[28.6086,-18.5588],[28.5997,-18.5627],[28.5948,-18.5628],[28.5886,-18.559],[28.5819,-18.5616],[28.5748,-18.5596],[28.5716,-18.5553],[28.5672,-18.5579],[28.5623,-18.5567],[28.5552,-18.5572],[28.5516,-18.5597],[28.5415,-18.5584],[28.5374,-18.5595],[28.5172,-18.5589],[28.5121,-18.5601],[28.51,-18.559],[28.5026,-18.5598],[28.4985,-18.5622],[28.4878,-18.5611],[28.4846,-18.5648],[28.4816,-18.5645],[28.476,-18.5611],[28.4729,-18.5655],[28.4652,-18.5628],[28.4639,-18.5644],[28.4604,-18.5632],[28.458,-18.5677],[28.4511,-18.5627],[28.4424,-18.5664],[28.4384,-18.5639],[28.4295,-18.5657],[28.4114,-18.5613],[28.4108,-18.5595],[28.4074,-18.5584],[28.4065,-18.5607],[28.3963,-18.5611],[28.395,-18.5599],[28.3889,-18.5643],[28.3835,-18.5615],[28.378,-18.5636],[28.3716,-18.5626],[28.3682,-18.565],[28.3669,-18.5633],[28.3624,-18.5649],[28.3514,-18.5643],[28.3427,-18.5678],[28.3373,-18.5683],[28.3359,-18.566],[28.3333,-18.5663],[28.3296,-18.5698],[28.3141,-18.563],[28.3052,-18.5633],[28.3,-18.5657],[28.2936,-18.5641],[28.2892,-18.5667],[28.2869,-18.5646],[28.2811,-18.564],[28.2714,-18.5657],[28.259,-18.5608],[28.2582,-18.5625],[28.2472,-18.5656],[28.2445,-18.5646],[28.2429,-18.5673],[28.236,-18.5641],[28.2287,-18.5659],[28.2266,-18.564],[28.2218,-18.5658],[28.2171,-18.5645],[28.2129,-18.5599],[28.2098,-18.5598],[28.207,-18.5572],[28.2025,-18.5573],[28.1975,-18.5598],[28.1889,-18.5574],[28.1865,-18.5543],[28.1791,-18.5521],[28.1736,-18.5533],[28.1637,-18.5517],[28.1523,-18.5581],[28.1422,-18.5488],[28.1334,-18.5453],[28.131,-18.5462],[28.12,-18.545],[28.1165,-18.5398],[28.1137,-18.5403],[28.1112,-18.5383],[28.108,-18.5414],[28.1048,-18.5392],[28.1002,-18.5386],[28.0957,-18.5433],[28.0862,-18.541],[28.0779,-18.5465],[28.0738,-18.5519],[28.0711,-18.5529],[28.065,-18.5522],[28.063,-18.5483],[28.0586,-18.547],[28.0501,-18.5484],[28.0483,-18.5469],[28.0423,-18.5466],[28.0353,-18.5482],[28.0303,-18.5514],[28.0238,-18.5512],[28.0155,-18.5486],[28.0087,-18.55],[27.9995,-18.5467],[28.0009,-18.532],[27.999,-18.5212],[28.002,-18.518],[28.0013,-18.4989],[27.9999,-18.4978],[28.0013,-18.4807],[27.9999,-18.4632],[28.0013,-18.3631],[28.0012,-18.3502],[27.9988,-18.3489],[27.9987,-18.2382],[27.9975,-18.2372],[28.002,-18.2232],[28.0273,-18.2056],[28.0599,-18.2024],[28.0901,-18.2068],[28.0981,-18.2052],[28.1068,-18.1961],[28.1099,-18.19],[28.1067,-18.19],[28.1019,-18.1862],[28.0733,-18.1818],[28.051,-18.1804],[28.0541,-18.1682],[28.0469,-18.1607],[28.0492,-18.15],[28.0698,-18.1377],[28.0688,-18.1088],[28.072,-18.1043],[28.0687,-18.0944],[28.0678,-18.0716],[28.0709,-18.0594],[28.0502,-18.0527],[28.0376,-18.0634],[28.0304,-18.0611],[28.0256,-18.049],[28.0176,-18.0407],[28.0083,-18.0181],[28.0127,-17.9995],[28.023,-17.9832],[28.0433,-17.9604],[28.0499,-17.9405],[28.0522,-17.9389],[28.0685,-17.9366],[28.0659,-17.9285],[28.0687,-17.9197],[28.0693,-17.9107],[28.0735,-17.9038],[28.0735,-17.8997],[28.0796,-17.8912],[28.0768,-17.8724],[28.0809,-17.8692],[28.0817,-17.863],[28.0864,-17.8576],[28.0862,-17.8537],[28.0886,-17.8505],[28.0912,-17.8383],[28.0888,-17.8342],[28.085,-17.8319],[28.0808,-17.8244],[28.0743,-17.7922],[28.0699,-17.7895],[28.0935,-17.758],[28.0971,-17.7503],[28.0962,-17.7462],[28.0937,-17.7444],[28.0967,-17.7426],[28.1016,-17.7336],[28.1047,-17.732],[28.1088,-17.7326],[28.1167,-17.7272],[28.1292,-17.7301],[28.1388,-17.7377],[28.1433,-17.7374],[28.1652,-17.7144],[28.1717,-17.7006],[28.1823,-17.6946],[28.1843,-17.6855],[28.181,-17.6794],[28.1901,-17.6736],[28.1914,-17.6689],[28.1948,-17.6665],[28.1931,-17.6628],[28.197,-17.6577],[28.1957,-17.6474],[28.1979,-17.6158],[28.2016,-17.6106],[28.2039,-17.6102],[28.2054,-17.6062],[28.2089,-17.6026],[28.2127,-17.5911],[28.2167,-17.5867],[28.2188,-17.5803],[28.2185,-17.5763],[28.2163,-17.5748],[28.2133,-17.5758],[28.2072,-17.5746],[28.2032,-17.5772],[28.2022,-17.5765],[28.2098,-17.5615],[28.2078,-17.5578],[28.2087,-17.5531],[28.2046,-17.5443],[28.2094,-17.5407],[28.2078,-17.534],[28.2087,-17.5259],[28.2144,-17.5193],[28.2166,-17.5122],[28.2269,-17.504],[28.2227,-17.4881],[28.2277,-17.4693],[28.2317,-17.4641],[28.2396,-17.4582],[28.2512,-17.4462],[28.2512,-17.4391],[28.2435,-17.4251],[28.245,-17.4222],[28.2474,-17.4036],[28.2504,-17.401],[28.2484,-17.3993],[28.2427,-17.3997],[28.2419,-17.3949],[28.2394,-17.392],[28.2392,-17.3844],[28.2424,-17.3729],[28.2408,-17.367],[28.2338,-17.3551],[28.2211,-17.35],[28.2099,-17.3504],[28.2046,-17.3422],[28.1963,-17.3418],[28.1939,-17.3392],[28.1933,-17.336],[28.1983,-17.3303],[28.1979,-17.3291],[28.1896,-17.3241],[28.182,-17.3158],[28.1798,-17.3157],[28.1758,-17.3199],[28.1748,-17.3238],[28.1731,-17.3234],[28.1718,-17.308],[28.1635,-17.3071],[28.1654,-17.2966],[28.1715,-17.2893],[28.1721,-17.2858],[28.1721,-17.2822],[28.1696,-17.283],[28.168,-17.2804],[28.1659,-17.2806],[28.1645,-17.279],[28.166,-17.2737],[28.172,-17.2727],[28.1706,-17.2677],[28.1656,-17.2653],[28.153,-17.2659],[28.15,-17.2623],[28.1454,-17.2626],[28.1421,-17.2608],[28.1422,-17.2527],[28.1472,-17.2496],[28.1496,-17.2504],[28.1475,-17.2549],[28.1508,-17.2579],[28.1541,-17.2579],[28.1566,-17.2544],[28.1601,-17.2564],[28.1647,-17.2544],[28.1641,-17.2496],[28.1437,-17.2425],[28.1436,-17.2404],[28.15,-17.2341],[28.1505,-17.2318],[28.1384,-17.2283],[28.136,-17.2214],[28.1376,-17.2181],[28.1525,-17.2182],[28.156,-17.2129],[28.1539,-17.2019],[28.1458,-17.2046],[28.138,-17.1997],[28.1355,-17.1953],[28.1362,-17.1835],[28.131,-17.1676],[28.1402,-17.1604],[28.1434,-17.1547],[28.1447,-17.1485],[28.143,-17.1453],[28.1347,-17.1398],[28.1242,-17.1367],[28.118,-17.1364],[28.1082,-17.139],[28.0991,-17.1475],[28.0951,-17.1479],[28.0918,-17.145],[28.0905,-17.1364],[28.0874,-17.1341],[28.0879,-17.1308],[28.0926,-17.1264],[28.0929,-17.124],[28.0709,-17.101],[28.0673,-17.0988],[28.0627,-17.0991],[28.0463,-17.1114],[28.0321,-17.1017],[28.0325,-17.0975],[28.0477,-17.0907],[28.0523,-17.0844],[28.0527,-17.0613],[28.0468,-17.0494],[28.0469,-17.0453],[28.0518,-17.0402],[28.0639,-17.0318],[28.0677,-17.0263],[28.0653,-17.0229],[28.0476,-17.023],[28.0325,-17.0192],[28.0401,-17.0079],[28.0291,-16.9976],[28.0212,-16.9848],[28.0204,-16.9805],[28.033,-16.9489],[28.0331,-16.9387],[28.0309,-16.9365],[28.0288,-16.9259],[28.0298,-16.8962],[28.0232,-16.886],[28.014,-16.8766],[27.9192,-16.9239],[27.8785,-16.9403],[27.8268,-16.9638],[27.7861,-17.0241],[27.7493,-17.0821],[27.7446,-17.0852],[27.6968,-17.1494],[27.6819,-17.1722],[27.6428,-17.2254],[27.6341,-17.2486],[27.6299,-17.2533],[27.6222,-17.3284],[27.6207,-17.3319],[27.5589,-17.4013],[27.5529,-17.4102],[27.5463,-17.4158],[27.3196,-17.5879],[27.1441,-17.8049],[27.1534,-17.8349],[27.0823,-17.9006],[27.0408,-17.9602],[27.0199,-17.9522],[26.9984,-17.9587],[26.9841,-17.9677],[26.9673,-17.9627],[26.953,-17.9689],[26.9358,-17.9711],[26.913,-17.9782],[26.9039,-17.9844],[26.8969,-17.9869],[26.8885,-17.9868],[26.8763,-17.9813],[26.8723,-17.9838],[26.8684,-17.9898],[26.8615,-17.9922],[26.8311,-17.9905],[26.8286,-17.9916],[26.8249,-17.9978],[26.8307,-18.0076],[26.8299,-18.0096],[26.8246,-18.0117],[26.8043,-18.0093],[26.8028,-18.0122],[26.8027,-18.0203],[26.7993,-18.0228],[26.7948,-18.0233],[26.7692,-18.0165],[26.7516,-18.0174],[26.742,-18.0214],[26.7194,-18.0451],[26.6999,-18.058],[26.6944,-18.0653],[26.6972,-18.072],[26.6934,-18.074],[26.6756,-18.0677],[26.6529,-18.054],[26.6426,-18.0523],[26.6308,-18.0545],[26.6103,-18.0529],[26.599,-18.0483],[26.5972,-18.0451],[26.6019,-18.037],[26.6012,-18.0337],[26.5908,-18.0236],[26.5749,-18.0156],[26.5696,-17.9925],[26.5669,-17.9888],[26.5604,-17.985],[26.5539,-17.9836],[26.5413,-17.9838],[26.5129,-17.9882],[26.5079,-17.9875],[26.5009,-17.983],[26.486,-17.9805],[26.4707,-17.9644],[26.4651,-17.9613],[26.4582,-17.9629],[26.4477,-17.9519],[26.4382,-17.9527],[26.4265,-17.9491],[26.4155,-17.9375],[26.4065,-17.9346],[26.3798,-17.9352],[26.3597,-17.9309],[26.3495,-17.9273],[26.3435,-17.9279],[26.3304,-17.9323],[26.3174,-17.9318],[26.3096,-17.9348],[26.2933,-17.9197],[26.2862,-17.9167],[26.2672,-17.9151],[26.2503,-17.9152],[26.2478,-17.9162],[26.2263,-17.8969],[26.2271,-17.8889],[26.2185,-17.8807],[26.1887,-17.8962],[26.1752,-17.9059],[26.1678,-17.9064],[26.1613,-17.9087],[26.1528,-17.9168],[26.1483,-17.9171],[26.1424,-17.9141],[26.1361,-17.9203],[26.1264,-17.9168],[26.108,-17.9255],[26.1025,-17.9232],[26.0936,-17.9315],[26.09,-17.9321],[26.088,-17.9351],[26.091,-17.9437],[26.0953,-17.9456],[26.105,-17.9446],[26.1075,-17.9471],[26.1052,-17.9512],[26.0966,-17.9584],[26.0974,-17.9653],[26.0934,-17.972],[26.0933,-17.9776],[26.0879,-17.9823],[26.075,-17.9767],[26.069,-17.9792],[26.0611,-17.9777],[26.0521,-17.9785],[26.0441,-17.9703],[26.0335,-17.9784],[26.0124,-17.9732],[26.0049,-17.9767],[25.9948,-17.9778],[25.9765,-17.998],[25.9695,-18.0015],[25.9591,-17.9977],[25.9542,-18.0004],[25.9402,-17.9951],[25.9279,-17.9964],[25.9205,-17.9995],[25.9166,-17.9992],[25.9108,-17.9888],[25.8906,-17.9827],[25.8835,-17.9839],[25.8771,-17.9757],[25.8676,-17.9758],[25.8654,-17.9741],[25.8609,-17.9639],[25.8643,-17.9541],[25.8636,-17.9521],[25.8598,-17.9499],[25.85,-17.9492],[25.8471,-17.9439],[25.8472,-17.9409],[25.8527,-17.9361],[25.8532,-17.9269],[25.8492,-17.9169],[25.8512,-17.9059],[25.8412,-17.8939],[25.8203,-17.8908],[25.8047,-17.8852],[25.7931,-17.8766],[25.7902,-17.8604],[25.7761,-17.8541],[25.7671,-17.8446],[25.7596,-17.8429],[25.7514,-17.8477],[25.7489,-17.8476],[25.7329,-17.8395],[25.7043,-17.835],[25.6989,-17.8255],[25.6997,-17.8141],[25.6942,-17.8097],[25.6838,-17.8084],[25.67,-17.8124],[25.6633,-17.8159],[25.6565,-17.8238],[25.6437,-17.8326],[25.6195,-17.8386],[25.6077,-17.8369],[25.5953,-17.8408],[25.5906,-17.8408],[25.5803,-17.8362],[25.5687,-17.8373],[25.5604,-17.8353],[25.5526,-17.8356],[25.5299,-17.8568],[25.524,-17.8605],[25.5148,-17.8625],[25.4999,-17.8581],[25.4989,-17.8553],[25.4811,-17.8469],[25.457,-17.8399],[25.4536,-17.8404],[25.4356,-17.8509],[25.4323,-17.8509],[25.4202,-17.8457],[25.4001,-17.8493],[25.3963,-17.8489],[25.381,-17.8415],[25.369,-17.8314],[25.3551,-17.8371],[25.3484,-17.8376],[25.3315,-17.8304],[25.3104,-17.8236],[25.3,-17.8176],[25.2793,-17.8005],[25.263,-17.7901],[25.2648,-17.8161],[25.2528,-17.8407],[25.2488,-17.8461],[25.2392,-17.8732],[25.2405,-17.89],[25.2426,-17.8971],[25.2376,-17.9086],[25.2525,-17.9373],[25.2594,-17.9442],[25.2656,-17.9466],[25.2686,-17.9516],[25.2824,-17.9869],[25.281,-17.9926],[25.2821,-18.0055],[25.2886,-18.023],[25.2952,-18.0332],[25.2986,-18.042],[25.3166,-18.0621],[25.3197,-18.0698],[25.3191,-18.074],[25.3205,-18.0769],[25.3336,-18.0799],[25.3393,-18.0836],[25.3485,-18.0859],[25.3627,-18.0919],[25.366,-18.0972],[25.3658,-18.1089],[25.3687,-18.1135],[25.3745,-18.1171],[25.3885,-18.1171],[25.3949,-18.1203],[25.4192,-18.1557],[25.4247,-18.1653],[25.4258,-18.1742],[25.4445,-18.2021],[25.4451,-18.2118],[25.4479,-18.2171],[25.4565,-18.2249],[25.4631,-18.25],[25.4616,-18.258],[25.4747,-18.2753],[25.4924,-18.3102],[25.5006,-18.315],[25.5179,-18.3595],[25.5182,-18.3711],[25.5241,-18.3824],[25.575,-18.4323],[25.5821,-18.4453],[25.6046,-18.4752],[25.6194,-18.4853],[25.642,-18.4912],[25.649,-18.4952],[25.6516,-18.4994],[25.6539,-18.5122],[25.6569,-18.5175],[25.6658,-18.5256],[25.6695,-18.5371],[25.6739,-18.5454],[25.6817,-18.5578],[25.6915,-18.5693],[25.6958,-18.5713],[25.7197,-18.5906],[25.7336,-18.5927],[25.7596,-18.6031],[25.7662,-18.6105],[25.7756,-18.6156],[25.7784,-18.6205],[25.783,-18.623],[25.7878,-18.6339],[25.7909,-18.6609],[25.7973,-18.6718],[25.7985,-18.6776],[25.8041,-18.6838],[25.8034,-18.6864],[25.7966,-18.6904],[25.7918,-18.6959],[25.7935,-18.7061],[25.7911,-18.7178],[25.7967,-18.7505],[25.8072,-18.7887],[25.8195,-18.8038],[25.8233,-18.8194],[25.8222,-18.8262],[25.8261,-18.8349],[25.8377,-18.8423],[25.8466,-18.8444],[25.8551,-18.8526],[25.8637,-18.8534],[25.8743,-18.8592],[25.8944,-18.8766],[25.9249,-18.8968],[25.9391,-18.8988],[25.9442,-18.9019],[25.9504,-18.908],[25.9684,-18.9382],[25.9712,-18.9497],[25.9868,-18.9767],[25.9872,-18.9859],[25.9967,-19.0252],[25.9967,-19.0302],[25.9679,-19.0606],[25.9629,-19.0803],[25.9635,-19.0991],[25.966,-19.1066],[25.9697,-19.1122],[25.9756,-19.1296],[25.9953,-19.1491],[26.0422,-19.2075],[26.0445,-19.2133],[26.0444,-19.236],[26.0565,-19.2499],[26.0619,-19.2602],[26.0717,-19.269],[26.077,-19.2961],[26.085,-19.3125],[26.0912,-19.3216],[26.0987,-19.3458],[26.1102,-19.3621],[26.1273,-19.4254],[26.1423,-19.4362],[26.1417,-19.4463],[26.1482,-19.4651],[26.15,-19.482],[26.1543,-19.4995],[26.1591,-19.5055],[26.161,-19.5194],[26.1691,-19.5411],[26.1715,-19.5436],[26.1844,-19.5487],[26.1967,-19.5561],[26.2067,-19.5598],[26.2153,-19.56],[26.2405,-19.5803],[26.2448,-19.5822],[26.2492,-19.5826],[26.2779,-19.5775],[26.312,-19.5736],[26.3258,-19.5914],[26.3359,-19.5997],[26.3502,-19.6087],[26.3572,-19.611],[26.3405,-19.6289],[26.3335,-19.6438],[26.3294,-19.6484],[26.3291,-19.6632],[26.3389,-19.6645],[26.3507,-19.6724],[26.3587,-19.6725],[26.377,-19.6697],[26.3869,-19.6665],[26.3906,-19.667],[26.3925,-19.669],[26.3965,-19.6814],[26.4057,-19.6906],[26.4104,-19.7022],[26.4153,-19.7234],[26.4318,-19.7406],[26.4421,-19.7464],[26.4528,-19.7499],[26.4693,-19.751],[26.4814,-19.7542],[26.4923,-19.7552],[26.5007,-19.7573],[26.5114,-19.7652],[26.5259,-19.7655],[26.5367,-19.7747],[26.5569,-19.7821],[26.5721,-19.7932],[26.5793,-19.8055],[26.5945,-19.8442],[26.6163,-19.876],[26.6227,-19.8786],[26.6443,-19.8813],[26.6637,-19.8871],[26.6754,-19.8882],[26.6812,-19.8864],[26.6968,-19.8864],[26.703,-19.8901],[26.7334,-19.8833],[26.7493,-19.8618],[26.754,-19.8605],[26.7568,-19.8581],[26.7815,-19.8555],[26.7886,-19.8501],[26.7997,-19.8463],[26.8057,-19.8416],[26.8159,-19.8373],[26.8402,-19.8317],[26.8525,-19.8261],[26.8611,-19.82],[26.8841,-19.8194],[26.8962,-19.8156],[26.8997,-19.8165],[26.9044,-19.8132],[26.9148,-19.813],[26.9247,-19.8108],[26.9471,-19.8139],[26.9532,-19.8102],[26.9651,-19.8081],[26.9757,-19.8081],[26.9822,-19.8144],[26.9959,-19.8175],[27.0018,-19.8146],[27.0236,-19.8108],[27.0375,-19.8111],[27.0491,-19.8085],[27.0647,-19.8143],[27.0753,-19.8083],[27.0946,-19.8048],[27.1081,-19.8054],[27.1244,-19.7978],[27.1364,-19.7958],[27.1594,-19.8045],[27.1646,-19.8054],[27.1765,-19.8037],[27.1813,-19.8057],[27.1836,-19.8123],[27.1909,-19.8139],[27.1943,-19.8167],[27.2043,-19.8152],[27.211,-19.8119],[27.2205,-19.8117],[27.2316,-19.8132],[27.2418,-19.8185],[27.2652,-19.8229],[27.2674,-19.8227],[27.2688,-19.8205],[27.2714,-19.8122],[27.2895,-19.8049],[27.2934,-19.8022],[27.2973,-19.7956],[27.3058,-19.793],[27.3383,-19.8005],[27.3463,-19.7997],[27.3531,-19.7969],[27.3566,-19.7972],[27.3628,-19.8026],[27.3701,-19.804],[27.3778,-19.7997],[27.3857,-19.7993],[27.3975,-19.8087],[27.4065,-19.8125],[27.4092,-19.8161],[27.4232,-19.8223],[27.4316,-19.8316],[27.4387,-19.8345],[27.448,-19.846],[27.4611,-19.8455],[27.4766,-19.8512],[27.5032,-19.856],[27.5171,-19.8547],[27.5256,-19.86],[27.5286,-19.8644],[27.5385,-19.8702],[27.5409,-19.8819],[27.5486,-19.8881],[27.5585,-19.8899],[27.5644,-19.8964],[27.5655,-19.9031],[27.5644,-19.917],[27.5661,-19.9268],[27.573,-19.9384],[27.5759,-19.9541],[27.5867,-19.9698],[27.5903,-19.9795],[27.5945,-19.9809],[27.6099,-19.9981],[27.6221,-20.0026],[27.634,-20.0115],[27.6443,-20.015],[27.6489,-20.0208],[27.6521,-20.032],[27.6617,-20.0423],[27.6828,-20.0506],[27.6891,-20.0617],[27.6956,-20.0656],[27.6995,-20.0712],[27.7094,-20.0746],[27.7187,-20.0828],[27.7262,-20.0867],[27.7282,-20.0925],[27.7317,-20.097],[27.7369,-20.0964],[27.7407,-20.0988],[27.7461,-20.1057],[27.746,-20.1097],[27.7522,-20.1134],[27.7532,-20.1202],[27.757,-20.1246],[27.7588,-20.1345],[27.7666,-20.1304],[27.7801,-20.1443],[27.7857,-20.1473],[27.793,-20.1468],[27.7958,-20.1489],[27.8051,-20.1514],[27.8125,-20.1714],[27.8165,-20.1726],[27.8187,-20.1749],[27.8235,-20.174],[27.8304,-20.1752],[27.8372,-20.1711],[27.8486,-20.1786],[27.8538,-20.1778],[27.8571,-20.1803],[27.8611,-20.177],[27.8647,-20.1796],[27.8683,-20.1866],[27.8801,-20.1836],[27.8834,-20.1863],[27.8864,-20.186],[27.8903,-20.1882],[27.8972,-20.1842],[27.9442,-20.0589],[27.9926,-20.1225],[28.0334,-20.1026],[28.0919,-20.0974],[28.1372,-20.0861],[28.141,-20.1006],[28.1489,-20.1115],[28.1546,-20.1104],[28.1613,-20.1149],[28.1662,-20.1133],[28.1799,-20.1185],[28.1857,-20.1188],[28.1911,-20.1225],[28.1923,-20.1308],[28.1901,-20.1399],[28.1992,-20.1457],[28.2147,-20.1761],[28.2214,-20.1826],[28.2224,-20.1876],[28.233,-20.1918],[28.2353,-20.194],[28.2371,-20.2045],[28.2497,-20.2146],[28.251,-20.2264],[28.271,-20.2371],[28.2742,-20.24],[28.2742,-20.2457],[28.2762,-20.2477],[28.2907,-20.254],[28.3029,-20.2718],[28.3066,-20.2824],[28.3144,-20.2726],[28.3316,-20.3546],[28.3434,-20.3619],[28.3561,-20.3345],[28.3596,-20.3306],[28.3661,-20.3149],[28.3804,-20.2945],[28.3896,-20.2897],[28.4131,-20.2953],[28.4297,-20.2931],[28.4384,-20.282],[28.4588,-20.2654],[28.4617,-20.2597],[28.4697,-20.2496],[28.472,-20.2489],[28.4811,-20.2367],[28.4966,-20.2355],[28.5131,-20.2009],[28.4999,-20.1893],[28.4927,-20.1902],[28.4882,-20.1888],[28.4833,-20.1914],[28.481,-20.1908],[28.4914,-20.1707],[28.4315,-20.1577],[28.4309,-20.1599],[28.4325,-20.1614],[28.4378,-20.1625],[28.4369,-20.1671],[28.4401,-20.1704],[28.4425,-20.1777],[28.3978,-20.1702],[28.3874,-20.1539],[28.4281,-20.1536],[28.4154,-20.1325],[28.3967,-20.1346],[28.4041,-20.1187],[28.4151,-20.1185],[28.4087,-20.018],[28.4203,-20.026],[28.4312,-20.0302],[28.4458,-20.0406],[28.4589,-20.0551],[28.4687,-20.0706],[28.513,-20.0592],[28.5126,-20.043],[28.5308,-20.0305],[28.5336,-20.0315],[28.5365,-20.0358],[28.5389,-20.0358],[28.5416,-20.0411],[28.5477,-20.0444],[28.5485,-20.0461],[28.5469,-20.0493],[28.5537,-20.0565],[28.5542,-20.0443],[28.5738,-20.0281],[28.6072,-19.9615],[28.6436,-20.0042],[28.6712,-20.0163],[28.668,-20.024],[28.6618,-20.028],[28.6506,-20.0491],[28.6498,-20.0581],[28.6436,-20.0687],[28.6679,-20.0676],[28.661,-20.0842],[28.662,-20.085],[28.6604,-20.089],[28.6566,-20.0893],[28.6575,-20.1001],[28.6512,-20.1133],[28.6524,-20.114],[28.6554,-20.1115],[28.6592,-20.1116],[28.669,-20.1135],[28.6753,-20.1132],[28.6765,-20.1143],[28.6513,-20.153],[28.6639,-20.1633],[28.6633,-20.1653],[28.6645,-20.1664],[28.6694,-20.169],[28.6752,-20.1682],[28.6703,-20.1723],[28.677,-20.1763],[28.6744,-20.18],[28.6756,-20.182],[28.6965,-20.191],[28.6968,-20.2025],[28.6932,-20.2021],[28.6907,-20.208],[28.6858,-20.2141],[28.6846,-20.2208],[28.6736,-20.2152],[28.6723,-20.2199],[28.6632,-20.2219],[28.6651,-20.2333],[28.6625,-20.2364],[28.6506,-20.2266],[28.6409,-20.2264],[28.638,-20.2299],[28.635,-20.2288],[28.6271,-20.2306],[28.627,-20.2321],[28.6083,-20.2307],[28.6053,-20.2274]]]}},{"type":"Feature","properties":{"name":"Matabeleland South"},"geometry":{"type":"Polygon","coordinates":[[[28.4966,-20.2355],[28.4811,-20.2367],[28.472,-20.2489],[28.4697,-20.2496],[28.4617,-20.2597],[28.4588,-20.2654],[28.4384,-20.282],[28.4297,-20.2931],[28.4131,-20.2953],[28.3896,-20.2897],[28.3804,-20.2945],[28.3661,-20.3149],[28.3596,-20.3306],[28.3561,-20.3345],[28.3434,-20.3619],[28.3316,-20.3546],[28.3144,-20.2726],[28.3066,-20.2824],[28.3029,-20.2718],[28.2907,-20.254],[28.2762,-20.2477],[28.2742,-20.2457],[28.2742,-20.24],[28.271,-20.2371],[28.251,-20.2264],[28.2497,-20.2146],[28.2371,-20.2045],[28.2353,-20.194],[28.233,-20.1918],[28.2224,-20.1876],[28.2214,-20.1826],[28.2147,-20.1761],[28.1992,-20.1457],[28.1901,-20.1399],[28.1923,-20.1308],[28.1911,-20.1225],[28.1857,-20.1188],[28.1799,-20.1185],[28.1662,-20.1133],[28.1613,-20.1149],[28.1546,-20.1104],[28.1489,-20.1115],[28.141,-20.1006],[28.1372,-20.0861],[28.0919,-20.0974],[28.0334,-20.1026],[27.9926,-20.1225],[27.9442,-20.0589],[27.8972,-20.1842],[27.8903,-20.1882],[27.8864,-20.186],[27.8834,-20.1863],[27.8801,-20.1836],[27.8683,-20.1866],[27.8647,-20.1796],[27.8611,-20.177],[27.8571,-20.1803],[27.8538,-20.1778],[27.8486,-20.1786],[27.8372,-20.1711],[27.8304,-20.1752],[27.8235,-20.174],[27.8187,-20.1749],[27.8165,-20.1726],[27.8125,-20.1714],[27.8051,-20.1514],[27.7958,-20.1489],[27.793,-20.1468],[27.7857,-20.1473],[27.7801,-20.1443],[27.7666,-20.1304],[27.7588,-20.1345],[27.757,-20.1246],[27.7532,-20.1202],[27.7522,-20.1134],[27.746,-20.1097],[27.7461,-20.1057],[27.7407,-20.0988],[27.7369,-20.0964],[27.7317,-20.097],[27.7282,-20.0925],[27.7262,-20.0867],[27.7187,-20.0828],[27.7094,-20.0746],[27.6995,-20.0712],[27.6956,-20.0656],[27.6891,-20.0617],[27.6828,-20.0506],[27.6617,-20.0423],[27.6521,-20.032],[27.6489,-20.0208],[27.6443,-20.015],[27.634,-20.0115],[27.6221,-20.0026],[27.6099,-19.9981],[27.5945,-19.9809],[27.5903,-19.9795],[27.5867,-19.9698],[27.5759,-19.9541],[27.573,-19.9384],[27.5661,-19.9268],[27.5644,-19.917],[27.5655,-19.9031],[27.5644,-19.8964],[27.5585,-19.8899],[27.5486,-19.8881],[27.5409,-19.8819],[27.5385,-19.8702],[27.5286,-19.8644],[27.5256,-19.86],[27.5171,-19.8547],[27.5032,-19.856],[27.4766,-19.8512],[27.4611,-19.8455],[27.448,-19.846],[27.4387,-19.8345],[27.4316,-19.8316],[27.4232,-19.8223],[27.4092,-19.8161],[27.4065,-19.8125],[27.3975,-19.8087],[27.3857,-19.7993],[27.3778,-19.7997],[27.3701,-19.804],[27.3628,-19.8026],[27.3566,-19.7972],[27.3531,-19.7969],[27.3463,-19.7997],[27.3383,-19.8005],[27.3058,-19.793],[27.2973,-19.7956],[27.2934,-19.8022],[27.2895,-19.8049],[27.2714,-19.8122],[27.2688,-19.8205],[27.2674,-19.8227],[27.2652,-19.8229],[27.2418,-19.8185],[27.2316,-19.8132],[27.2205,-19.8117],[27.211,-19.8119],[27.2043,-19.8152],[27.1943,-19.8167],[27.1909,-19.8139],[27.1836,-19.8123],[27.1813,-19.8057],[27.1765,-19.8037],[27.1646,-19.8054],[27.1594,-19.8045],[27.1364,-19.7958],[27.1244,-19.7978],[27.1081,-19.8054],[27.0946,-19.8048],[27.0753,-19.8083],[27.0647,-19.8143],[27.0491,-19.8085],[27.0375,-19.8111],[27.0236,-19.8108],[27.0018,-19.8146],[26.9959,-19.8175],[26.9822,-19.8144],[26.9757,-19.8081],[26.9651,-19.8081],[26.9532,-19.8102],[26.9471,-19.8139],[26.9247,-19.8108],[26.9148,-19.813],[26.9044,-19.8132],[26.8997,-19.8165],[26.8962,-19.8156],[26.8841,-19.8194],[26.8611,-19.82],[26.8525,-19.8261],[26.8402,-19.8317],[26.8159,-19.8373],[26.8057,-19.8416],[26.7997,-19.8463],[26.7886,-19.8501],[26.7815,-19.8555],[26.7568,-19.8581],[26.754,-19.8605],[26.7493,-19.8618],[26.7334,-19.8833],[26.703,-19.8901],[26.7023,-19.8941],[26.7089,-19.905],[26.7199,-19.9289],[26.7267,-19.9377],[26.7457,-19.9352],[26.76,-19.936],[26.7805,-19.9425],[26.7914,-19.9432],[26.8075,-19.9493],[26.8113,-19.9532],[26.8188,-19.9534],[26.827,-19.9615],[26.8393,-19.9589],[26.8519,-19.9592],[26.8788,-19.9727],[26.9032,-19.9789],[26.916,-19.9884],[26.9507,-20.0025],[26.9594,-20.0079],[26.9711,-20.0118],[26.9882,-20.013],[26.9987,-20.0094],[27.0157,-20.0072],[27.0404,-20.0078],[27.0462,-20.0095],[27.0788,-20.0277],[27.0871,-20.0346],[27.0991,-20.0543],[27.1131,-20.0652],[27.1297,-20.0739],[27.1473,-20.0805],[27.1536,-20.0804],[27.1632,-20.0772],[27.1755,-20.0786],[27.1932,-20.0784],[27.2068,-20.0832],[27.2134,-20.0881],[27.2225,-20.1066],[27.2281,-20.1134],[27.2357,-20.1177],[27.2362,-20.1224],[27.2456,-20.1423],[27.249,-20.1623],[27.2602,-20.1811],[27.2654,-20.1955],[27.2669,-20.2114],[27.2734,-20.2194],[27.2797,-20.2209],[27.2857,-20.2308],[27.2889,-20.2488],[27.2883,-20.256],[27.2921,-20.2633],[27.2902,-20.2704],[27.2906,-20.276],[27.2939,-20.2852],[27.3011,-20.2962],[27.2999,-20.3046],[27.3042,-20.3181],[27.305,-20.3258],[27.3003,-20.3381],[27.3005,-20.3465],[27.2965,-20.3569],[27.2991,-20.4242],[27.2895,-20.4632],[27.2894,-20.4732],[27.2861,-20.4799],[27.2899,-20.4915],[27.2897,-20.497],[27.3628,-20.4667],[27.3775,-20.4763],[27.434,-20.4807],[27.4719,-20.466],[27.5531,-20.4838],[27.5775,-20.4925],[27.6043,-20.4779],[27.6223,-20.4771],[27.6474,-20.4976],[27.6756,-20.4923],[27.6837,-20.4851],[27.6955,-20.4888],[27.7207,-20.5088],[27.7251,-20.5143],[27.7304,-20.5237],[27.7274,-20.5325],[27.7313,-20.5408],[27.727,-20.5482],[27.7293,-20.555],[27.7238,-20.5654],[27.7186,-20.5717],[27.7221,-20.5781],[27.7193,-20.5831],[27.7144,-20.5852],[27.7111,-20.595],[27.7081,-20.5958],[27.7047,-20.6011],[27.7052,-20.621],[27.7061,-20.6229],[27.7085,-20.6228],[27.7091,-20.6253],[27.706,-20.6299],[27.7065,-20.6335],[27.7044,-20.6372],[27.7057,-20.6455],[27.704,-20.6531],[27.707,-20.6619],[27.7059,-20.6645],[27.7089,-20.6697],[27.7123,-20.6724],[27.7144,-20.678],[27.7162,-20.6777],[27.7175,-20.6835],[27.7264,-20.6915],[27.7244,-20.6926],[27.7248,-20.6943],[27.7313,-20.699],[27.7315,-20.7017],[27.7347,-20.7025],[27.7308,-20.7057],[27.7297,-20.7119],[27.7331,-20.7146],[27.7281,-20.7179],[27.7272,-20.72],[27.7289,-20.7227],[27.7291,-20.7295],[27.7305,-20.732],[27.7324,-20.7323],[27.7321,-20.737],[27.7346,-20.7395],[27.7307,-20.7455],[27.736,-20.7604],[27.7351,-20.7663],[27.7258,-20.7805],[27.7255,-20.7881],[27.7224,-20.7908],[27.7208,-20.7964],[27.7212,-20.8058],[27.7168,-20.8156],[27.715,-20.8246],[27.7131,-20.8267],[27.7169,-20.8368],[27.7128,-20.8411],[27.711,-20.8478],[27.7065,-20.8482],[27.7028,-20.8555],[27.6969,-20.8592],[27.6942,-20.864],[27.6928,-20.8772],[27.6996,-20.8918],[27.7006,-20.9044],[27.6968,-20.9098],[27.6965,-20.9231],[27.6901,-20.9325],[27.696,-20.9394],[27.6977,-20.945],[27.7041,-20.9496],[27.7098,-20.9567],[27.709,-20.9665],[27.7027,-20.9761],[27.702,-20.9801],[27.703,-20.9923],[27.7074,-20.9991],[27.6982,-21.0014],[27.6963,-21.0048],[27.7006,-21.0114],[27.6992,-21.0168],[27.7028,-21.0212],[27.7015,-21.028],[27.7045,-21.037],[27.6989,-21.0442],[27.687,-21.048],[27.6859,-21.0498],[27.6894,-21.0591],[27.69,-21.0653],[27.6965,-21.0743],[27.6939,-21.0851],[27.6995,-21.089],[27.6997,-21.0962],[27.7016,-21.0992],[27.7134,-21.1054],[27.717,-21.1119],[27.724,-21.1153],[27.7331,-21.1311],[27.7471,-21.1395],[27.7525,-21.1516],[27.7583,-21.1542],[27.7699,-21.1541],[27.7789,-21.1574],[27.7887,-21.1766],[27.7936,-21.1769],[27.8017,-21.1723],[27.8049,-21.1737],[27.8165,-21.1881],[27.8167,-21.191],[27.8135,-21.1949],[27.8137,-21.197],[27.8197,-21.1984],[27.8254,-21.2016],[27.8298,-21.2117],[27.8359,-21.2203],[27.8433,-21.2289],[27.8561,-21.2395],[27.8681,-21.267],[27.8835,-21.279],[27.8828,-21.2845],[27.8849,-21.2886],[27.9035,-21.3007],[27.9169,-21.3222],[27.9199,-21.3296],[27.9172,-21.3407],[27.9192,-21.3606],[27.9309,-21.3763],[27.9456,-21.3879],[27.9485,-21.3975],[27.9568,-21.4108],[27.9571,-21.4156],[27.9511,-21.4238],[27.9509,-21.4288],[27.966,-21.4408],[27.9724,-21.4519],[27.9802,-21.4565],[27.9756,-21.4608],[27.9669,-21.4581],[27.9627,-21.4593],[27.9572,-21.4704],[27.9574,-21.4745],[27.9604,-21.4763],[27.9757,-21.4785],[27.9844,-21.4836],[27.984,-21.4867],[27.9731,-21.4947],[27.9724,-21.498],[27.976,-21.5017],[27.9767,-21.5046],[27.9712,-21.5116],[27.9714,-21.5161],[27.9783,-21.5224],[27.9843,-21.515],[27.9921,-21.5157],[28.0037,-21.5138],[28.0035,-21.5183],[27.9964,-21.524],[27.9968,-21.5305],[28.0054,-21.539],[28.0092,-21.551],[28.0082,-21.5552],[28.0201,-21.5727],[28.052,-21.578],[28.0678,-21.5772],[28.0809,-21.5815],[28.0938,-21.5773],[28.0992,-21.5774],[28.1173,-21.5822],[28.123,-21.585],[28.1336,-21.5863],[28.1443,-21.5912],[28.1708,-21.5927],[28.1975,-21.6017],[28.2042,-21.6017],[28.2499,-21.5941],[28.2861,-21.5908],[28.2926,-21.5874],[28.2988,-21.5912],[28.3094,-21.5942],[28.3254,-21.5955],[28.3391,-21.5988],[28.3475,-21.6058],[28.3618,-21.6021],[28.3806,-21.6078],[28.3918,-21.6196],[28.4015,-21.624],[28.4083,-21.6291],[28.4269,-21.6354],[28.4422,-21.6375],[28.4594,-21.6539],[28.4956,-21.6646],[28.5034,-21.6692],[28.5119,-21.666],[28.526,-21.6565],[28.5396,-21.6414],[28.5462,-21.6406],[28.5563,-21.6422],[28.5614,-21.6398],[28.5724,-21.6286],[28.5822,-21.6284],[28.5874,-21.6314],[28.5933,-21.639],[28.5994,-21.6434],[28.6085,-21.6431],[28.6272,-21.6491],[28.6392,-21.6487],[28.6531,-21.6542],[28.6663,-21.6738],[28.6694,-21.6758],[28.6811,-21.6791],[28.6981,-21.6864],[28.7129,-21.6889],[28.743,-21.6986],[28.75,-21.6997],[28.7693,-21.71],[28.7753,-21.7164],[28.7945,-21.7285],[28.8038,-21.7301],[28.8213,-21.7302],[28.8282,-21.732],[28.8601,-21.7523],[28.8895,-21.7562],[28.9021,-21.7613],[28.9174,-21.7621],[28.943,-21.7693],[28.9592,-21.7722],[28.9788,-21.7673],[28.9901,-21.7673],[28.9993,-21.7742],[29.0086,-21.7873],[29.0322,-21.7914],[29.0386,-21.7954],[29.0476,-21.7985],[29.0585,-21.7992],[29.0717,-21.8068],[29.0783,-21.8166],[29.0531,-21.8399],[29.0368,-21.8639],[29.0257,-21.8899],[29.0209,-21.9163],[29.0205,-21.9403],[29.0273,-21.9731],[29.0388,-21.9991],[29.0502,-22.0166],[29.0717,-22.038],[29.0935,-22.0536],[29.1066,-22.0601],[29.1393,-22.0703],[29.1586,-22.0736],[29.185,-22.0747],[29.2045,-22.0723],[29.2482,-22.0585],[29.251,-22.0611],[29.257,-22.0632],[29.2631,-22.0686],[29.2738,-22.0852],[29.2846,-22.1154],[29.2989,-22.1303],[29.3361,-22.1599],[29.3523,-22.1817],[29.3628,-22.1903],[29.373,-22.1918],[29.3802,-22.1909],[29.3918,-22.1867],[29.3983,-22.1826],[29.4045,-22.181],[29.4125,-22.1745],[29.4251,-22.1702],[29.4653,-22.1632],[29.485,-22.165],[29.5158,-22.1764],[29.5254,-22.1746],[29.5358,-22.1709],[29.5454,-22.1653],[29.559,-22.1527],[29.569,-22.1461],[29.5692,-22.1442],[29.5782,-22.1391],[29.5834,-22.1392],[29.5931,-22.144],[29.6021,-22.1521],[29.6091,-22.154],[29.6176,-22.149],[29.6227,-22.1382],[29.6261,-22.1341],[29.6526,-22.1236],[29.6599,-22.1235],[29.6654,-22.1266],[29.6685,-22.1327],[29.6748,-22.1371],[29.6957,-22.1353],[29.7164,-22.1418],[29.7383,-22.1385],[29.7734,-22.1383],[29.7833,-22.1437],[29.785,-22.1472],[29.8117,-22.1646],[29.8338,-22.1701],[29.8568,-22.1712],[29.8646,-22.1742],[29.8704,-22.1815],[29.8861,-22.1902],[29.9301,-22.1862],[29.9268,-22.1883],[29.961,-22.2136],[29.9651,-22.2138],[29.9669,-22.2203],[29.9707,-22.2226],[29.9754,-22.2247],[29.9881,-22.2258],[29.9921,-22.2283],[29.9977,-22.2295],[30.0109,-22.228],[30.019,-22.2296],[30.0212,-22.2317],[30.0211,-22.2453],[30.0232,-22.2506],[30.0324,-22.2542],[30.0549,-22.2541],[30.062,-22.2592],[30.0749,-22.2719],[30.1005,-22.2846],[30.1109,-22.2949],[30.1176,-22.304],[30.125,-22.3088],[30.1321,-22.3088],[30.1472,-22.3014],[30.1582,-22.2988],[30.1735,-22.2977],[30.1857,-22.2953],[30.1979,-22.2958],[30.223,-22.2932],[30.2332,-22.2946],[30.2367,-22.2987],[30.239,-22.3061],[30.2553,-22.3159],[30.2746,-22.345],[30.2789,-22.3494],[30.2893,-22.3549],[30.2952,-22.3549],[30.3129,-22.3464],[30.3177,-22.3454],[30.3359,-22.3487],[30.3568,-22.3465],[30.3779,-22.3492],[30.3909,-22.3471],[30.4553,-22.3286],[30.4791,-22.3155],[30.4854,-22.3143],[30.496,-22.3157],[30.5037,-22.3202],[30.5295,-22.323],[30.5491,-22.3301],[30.5555,-22.3291],[30.5647,-22.321],[30.5717,-22.3184],[30.6012,-22.3189],[30.6087,-22.3216],[30.6208,-22.3319],[30.6305,-22.3344],[30.639,-22.3306],[30.6502,-22.3164],[30.6613,-22.3092],[30.6713,-22.3082],[30.707,-22.3148],[30.716,-22.3114],[30.7281,-22.31],[30.7307,-22.3083],[30.7415,-22.3061],[30.7508,-22.3056],[30.7586,-22.3026],[30.7864,-22.3003],[30.8333,-22.2892],[30.841,-22.2893],[30.8546,-22.2941],[30.8656,-22.2952],[30.8835,-22.3027],[30.8991,-22.2943],[30.9329,-22.3002],[30.9397,-22.3033],[30.9458,-22.3124],[30.9595,-22.3115],[30.9705,-22.3137],[30.9734,-22.3219],[30.9823,-22.3256],[30.9898,-22.325],[30.9935,-22.3207],[30.9951,-22.3155],[30.9998,-22.3137],[31.0366,-22.3311],[31.0512,-22.3355],[31.0705,-22.3374],[31.087,-22.3453],[31.0984,-22.3453],[31.0997,-22.343],[31.1133,-22.3375],[31.1133,-22.3353],[31.1003,-22.3202],[31.0986,-22.3143],[31.0861,-22.302],[31.0841,-22.2976],[31.0841,-22.2897],[31.0802,-22.2885],[31.0725,-22.2938],[31.0683,-22.2941],[31.0611,-22.2852],[31.0554,-22.2869],[31.0512,-22.2859],[31.0497,-22.2831],[31.0521,-22.2787],[31.0496,-22.2716],[31.0533,-22.2684],[31.0533,-22.2666],[31.0343,-22.2667],[31.0308,-22.2634],[31.0276,-22.2519],[31.0242,-22.2509],[31.0174,-22.2525],[31.0131,-22.2504],[31.0162,-22.2331],[31.0209,-22.2328],[31.0263,-22.2367],[31.0318,-22.2358],[31.0363,-22.2302],[31.036,-22.227],[31.0345,-22.224],[31.0304,-22.2214],[31.0204,-22.2184],[31.0109,-22.2275],[31.0059,-22.2246],[31.0133,-22.2108],[31.0133,-22.2084],[31.0024,-22.2072],[31.0065,-22.1972],[31.0098,-22.194],[31.0053,-22.1786],[30.9877,-22.1742],[30.9894,-22.1692],[30.9859,-22.1633],[30.983,-22.1619],[30.9626,-22.1598],[30.9547,-22.1551],[30.9479,-22.1365],[30.9481,-22.125],[30.9441,-22.1129],[30.9312,-22.1053],[30.9353,-22.0862],[30.9313,-22.0738],[30.9276,-22.0725],[30.9171,-22.0736],[30.8997,-22.0835],[30.8895,-22.0843],[30.8869,-22.0811],[30.8734,-22.0418],[30.8595,-22.0343],[30.8574,-22.0167],[30.833,-21.9975],[30.8037,-21.9991],[30.8017,-21.9966],[30.8029,-21.9915],[30.7978,-21.9855],[30.7966,-21.9808],[30.8011,-21.9753],[30.8087,-21.9748],[30.8068,-21.9698],[30.7981,-21.9642],[30.7833,-21.9646],[30.7727,-21.9566],[30.7672,-21.9548],[30.7616,-21.9492],[30.7569,-21.9414],[30.7542,-21.9326],[30.7561,-21.9296],[30.7635,-21.9255],[30.7694,-21.9242],[30.7713,-21.9222],[30.7689,-21.9188],[30.7602,-21.9135],[30.762,-21.9094],[30.7614,-21.907],[30.7579,-21.905],[30.7503,-21.9035],[30.7381,-21.8913],[30.7276,-21.8903],[30.7305,-21.8751],[30.7271,-21.8741],[30.7167,-21.8753],[30.7128,-21.8721],[30.7101,-21.8618],[30.7143,-21.8587],[30.7151,-21.856],[30.7108,-21.8503],[30.7029,-21.8473],[30.6929,-21.8397],[30.6852,-21.8316],[30.6828,-21.8305],[30.6724,-21.8315],[30.6702,-21.8295],[30.6698,-21.8237],[30.6742,-21.8174],[30.672,-21.8148],[30.6664,-21.8133],[30.6651,-21.8112],[30.6649,-21.8082],[30.669,-21.7972],[30.6652,-21.7816],[30.6586,-21.7799],[30.6532,-21.7814],[30.6426,-21.7744],[30.6354,-21.7713],[30.6348,-21.7689],[30.6376,-21.764],[30.6435,-21.7567],[30.6488,-21.7531],[30.6501,-21.7503],[30.649,-21.7489],[30.6445,-21.7481],[30.6396,-21.7509],[30.6316,-21.7594],[30.6195,-21.7632],[30.6071,-21.7458],[30.5995,-21.7431],[30.5965,-21.7519],[30.5902,-21.754],[30.5881,-21.752],[30.5877,-21.7449],[30.5821,-21.736],[30.5767,-21.7351],[30.5712,-21.7374],[30.5622,-21.7298],[30.5592,-21.7319],[30.5577,-21.7384],[30.554,-21.7453],[30.5443,-21.7479],[30.5408,-21.745],[30.5431,-21.736],[30.5353,-21.7283],[30.5341,-21.7199],[30.5243,-21.7198],[30.5218,-21.7142],[30.5185,-21.7115],[30.5092,-21.7117],[30.5038,-21.7103],[30.4998,-21.708],[30.4982,-21.705],[30.4979,-21.7011],[30.5019,-21.6914],[30.4995,-21.6871],[30.4992,-21.6818],[30.5001,-21.6795],[30.5053,-21.6777],[30.5076,-21.6738],[30.5081,-21.6634],[30.5035,-21.6581],[30.4899,-21.6568],[30.4855,-21.6625],[30.4825,-21.6632],[30.4783,-21.6615],[30.4762,-21.656],[30.4704,-21.6516],[30.4619,-21.6511],[30.4502,-21.6526],[30.4461,-21.647],[30.4464,-21.6357],[30.4434,-21.6312],[30.4269,-21.6305],[30.4075,-21.6246],[30.4022,-21.6204],[30.3978,-21.6111],[30.3952,-21.6088],[30.3878,-21.6111],[30.3812,-21.6108],[30.3722,-21.601],[30.3611,-21.5949],[30.3559,-21.5956],[30.345,-21.6072],[30.3383,-21.6111],[30.3321,-21.6023],[30.3282,-21.6002],[30.306,-21.6014],[30.295,-21.5953],[30.2757,-21.5969],[30.2639,-21.5916],[30.2572,-21.5915],[30.2505,-21.5937],[30.2334,-21.5944],[30.2302,-21.5915],[30.2298,-21.5858],[30.2397,-21.5758],[30.2429,-21.5636],[30.2418,-21.552],[30.2361,-21.5458],[30.2308,-21.544],[30.2213,-21.5535],[30.2183,-21.5539],[30.2144,-21.5514],[30.2115,-21.5426],[30.2086,-21.5387],[30.193,-21.5287],[30.1852,-21.5285],[30.1783,-21.5327],[30.1725,-21.5319],[30.1684,-21.5263],[30.1661,-21.5162],[30.1701,-21.5041],[30.1658,-21.5005],[30.1462,-21.5058],[30.1414,-21.5045],[30.1335,-21.4982],[30.1269,-21.4965],[30.0961,-21.5007],[30.0957,-21.4957],[30.097,-21.4928],[30.107,-21.4875],[30.1087,-21.4834],[30.0935,-21.4762],[30.0882,-21.4765],[30.0814,-21.4791],[30.0727,-21.4789],[30.0696,-21.4725],[30.0689,-21.4594],[30.0546,-21.4476],[30.0459,-21.4438],[30.0415,-21.4394],[30.0391,-21.4276],[30.0402,-21.423],[30.035,-21.4181],[30.0338,-21.4137],[30.0272,-21.4109],[30.0247,-21.4074],[30.0188,-21.3878],[30.0077,-21.3811],[29.9991,-21.3713],[29.9538,-21.3536],[29.9481,-21.3489],[29.9364,-21.3083],[29.9214,-21.2985],[29.919,-21.2934],[29.9188,-21.2768],[29.9063,-21.2694],[29.9012,-21.2681],[29.8914,-21.2698],[29.8893,-21.2652],[29.8865,-21.2634],[29.8924,-21.251],[29.8874,-21.246],[29.8862,-21.2317],[29.893,-21.2293],[29.8947,-21.2266],[29.8878,-21.2214],[29.8857,-21.217],[29.8808,-21.2143],[29.8791,-21.21],[29.8745,-21.21],[29.8579,-21.2048],[29.851,-21.2044],[29.8469,-21.2007],[29.8472,-21.1928],[29.8457,-21.189],[29.8448,-21.1878],[29.8422,-21.1884],[29.8385,-21.179],[29.8311,-21.1741],[29.8314,-21.1649],[29.8351,-21.1618],[29.8434,-21.1585],[29.8411,-21.1514],[29.8388,-21.1499],[29.8341,-21.1501],[29.8204,-21.1422],[29.8159,-21.1422],[29.8128,-21.1394],[29.8077,-21.1391],[29.804,-21.1358],[29.8013,-21.1356],[29.7915,-21.128],[29.786,-21.1195],[29.7772,-21.1123],[29.7743,-21.1116],[29.7707,-21.1074],[29.7701,-21.1022],[29.7655,-21.098],[29.766,-21.0889],[29.7567,-21.0909],[29.7547,-21.0878],[29.7521,-21.0873],[29.7474,-21.0773],[29.7478,-21.0732],[29.7361,-21.0429],[29.731,-21.0333],[29.7321,-21.0312],[29.7307,-21.0229],[29.6896,-21.0213],[29.5925,-21.0405],[29.5345,-21.0368],[29.4995,-21.0284],[29.4578,-21.0156],[29.4816,-20.9991],[29.4894,-20.9953],[29.5414,-20.9534],[29.5857,-20.926],[29.6243,-20.8912],[29.6375,-20.8285],[29.6506,-20.7557],[29.6668,-20.7127],[29.6754,-20.6705],[29.6636,-20.655],[29.6617,-20.6547],[29.6079,-20.6682],[29.5968,-20.6506],[29.5845,-20.6043],[29.6203,-20.5952],[29.6053,-20.5753],[29.7011,-20.5162],[29.7077,-20.4988],[29.7134,-20.4736],[29.7312,-20.4556],[29.7309,-20.3915],[29.7782,-20.2846],[29.7874,-20.2487],[29.7922,-20.2392],[29.7921,-20.2155],[29.816,-20.1592],[29.8408,-20.106],[29.8734,-20.0614],[29.8756,-20.0057],[29.8094,-20.0001],[29.8004,-20.0032],[29.8014,-19.9541],[29.7982,-19.9526],[29.7977,-19.9449],[29.7528,-19.9551],[29.711,-19.9729],[29.6952,-19.9722],[29.6874,-19.9289],[29.6802,-19.9051],[29.6639,-19.9083],[29.6541,-19.9122],[29.6185,-19.9322],[29.6061,-19.935],[29.5985,-19.9342],[29.5822,-19.9182],[29.5622,-19.8861],[29.5429,-19.8749],[29.5312,-19.8706],[29.5176,-19.8635],[29.5024,-19.8614],[29.4724,-19.8478],[29.4454,-19.8638],[29.4138,-19.8871],[29.4032,-19.8427],[29.4037,-19.8183],[29.4128,-19.8068],[29.4155,-19.7726],[29.4184,-19.7659],[29.416,-19.7652],[29.416,-19.7636],[29.4211,-19.7586],[29.4234,-19.7583],[29.4236,-19.7567],[29.4168,-19.7504],[29.4153,-19.7505],[29.4151,-19.7524],[29.4121,-19.752],[29.4095,-19.7478],[29.4136,-19.7435],[29.413,-19.7333],[29.4075,-19.7272],[29.4065,-19.7221],[29.4035,-19.7193],[29.4036,-19.7171],[29.4064,-19.7144],[29.404,-19.713],[29.4041,-19.7095],[29.4007,-19.7032],[29.4015,-19.699],[29.3922,-19.6936],[29.3892,-19.6938],[29.3867,-19.6904],[29.3769,-19.6882],[29.3703,-19.6777],[29.3631,-19.6791],[29.3597,-19.669],[29.3599,-19.6624],[29.3618,-19.6606],[29.3567,-19.6549],[29.3588,-19.6523],[29.3588,-19.6496],[29.3563,-19.6468],[29.3564,-19.6444],[29.3544,-19.6432],[29.3568,-19.6414],[29.3482,-19.6317],[29.322,-19.6185],[29.3174,-19.6185],[29.3165,-19.6173],[29.3152,-19.6133],[29.3167,-19.6092],[29.3128,-19.6036],[29.307,-19.6011],[29.3076,-19.5953],[29.2955,-19.5835],[29.2956,-19.5812],[29.3007,-19.577],[29.3015,-19.5743],[29.2959,-19.5728],[29.292,-19.5687],[29.2853,-19.5677],[29.2823,-19.5651],[29.2815,-19.5522],[29.2795,-19.5455],[29.2798,-19.5323],[29.2748,-19.526],[29.2711,-19.524],[29.2651,-19.5149],[29.2579,-19.512],[29.2538,-19.5026],[29.246,-19.4981],[29.2437,-19.49],[29.2399,-19.4841],[29.2319,-19.4805],[29.2338,-19.4824],[29.2155,-19.5296],[29.1719,-19.4977],[29.1073,-19.4903],[29.1027,-19.4918],[29.0964,-19.5006],[29.0921,-19.5015],[29.0903,-19.5065],[29.0821,-19.5097],[29.0835,-19.5193],[29.0944,-19.5342],[29.1271,-19.5347],[29.1951,-19.5647],[29.1157,-19.6013],[29.0692,-19.6544],[29.0417,-19.6573],[29.1029,-19.7093],[29.1035,-19.7754],[29.0858,-19.8072],[29.0979,-19.814],[29.072,-19.83],[29.0466,-19.8532],[28.955,-19.8217],[28.9914,-19.9427],[28.9888,-19.9453],[28.9846,-19.9559],[28.9618,-19.9728],[28.8956,-20.0399],[28.816,-20.0447],[28.8602,-20.076],[28.7933,-20.1309],[28.7917,-20.1219],[28.7787,-20.1255],[28.7733,-20.1334],[28.7767,-20.1347],[28.7745,-20.1388],[28.7708,-20.137],[28.7678,-20.1404],[28.7812,-20.1429],[28.7655,-20.1795],[28.7528,-20.2149],[28.7424,-20.2208],[28.7139,-20.2527],[28.7232,-20.2636],[28.7224,-20.2653],[28.6691,-20.2983],[28.657,-20.2824],[28.6331,-20.2588],[28.6053,-20.2274],[28.5773,-20.2276],[28.5526,-20.222],[28.5388,-20.2587],[28.4966,-20.2355]]]}},{"type":"Feature","properties":{"name":"Midlands"},"geometry":{"type":"Polygon","coordinates":[[[30.5575,-18.8768],[30.544,-18.8958],[30.5303,-18.9095],[30.5045,-18.9112],[30.4999,-18.9088],[30.4984,-18.9061],[30.4909,-18.9006],[30.4853,-18.8996],[30.4761,-18.9022],[30.4635,-18.8986],[30.4568,-18.8933],[30.4469,-18.892],[30.4397,-18.8775],[30.4291,-18.8705],[30.4209,-18.8603],[30.4188,-18.8596],[30.4151,-18.8644],[30.4119,-18.8649],[30.4115,-18.8617],[30.4081,-18.8581],[30.4048,-18.857],[30.4021,-18.8597],[30.3951,-18.8555],[30.3931,-18.8525],[30.3906,-18.8406],[30.3877,-18.8429],[30.3849,-18.8488],[30.3769,-18.8498],[30.3739,-18.852],[30.3662,-18.8478],[30.3553,-18.848],[30.354,-18.8462],[30.3534,-18.8375],[30.3473,-18.837],[30.3425,-18.831],[30.3375,-18.8301],[30.3235,-18.8198],[30.3228,-18.817],[30.3269,-18.8157],[30.3268,-18.8143],[30.3215,-18.8103],[30.3192,-18.8033],[30.3166,-18.8009],[30.3118,-18.8008],[30.303,-18.7969],[30.296,-18.7956],[30.2901,-18.8004],[30.2892,-18.8049],[30.2801,-18.8078],[30.2781,-18.807],[30.2746,-18.8091],[30.2735,-18.806],[30.2682,-18.8028],[30.2677,-18.7992],[30.2635,-18.7943],[30.2602,-18.785],[30.2589,-18.7844],[30.2545,-18.7868],[30.2508,-18.784],[30.2469,-18.784],[30.239,-18.7803],[30.2358,-18.7829],[30.2294,-18.7808],[30.2252,-18.7821],[30.2219,-18.781],[30.2143,-18.7685],[30.2134,-18.7612],[30.2115,-18.7581],[30.2065,-18.7523],[30.1882,-18.7392],[30.187,-18.7356],[30.1817,-18.7305],[30.174,-18.7308],[30.1608,-18.7254],[30.1508,-18.7254],[30.1466,-18.7193],[30.1402,-18.7214],[30.1323,-18.7183],[30.1204,-18.7244],[30.1132,-18.7208],[30.1052,-18.7224],[30.1028,-18.718],[30.1005,-18.717],[30.0718,-18.7227],[30.0689,-18.7182],[30.0698,-18.7134],[30.067,-18.7095],[30.0614,-18.7073],[30.0543,-18.7087],[30.052,-18.7064],[30.0497,-18.6999],[30.0397,-18.6981],[30.0344,-18.6996],[30.0309,-18.7024],[30.0286,-18.7089],[30.018,-18.713],[30.0085,-18.6956],[30.0049,-18.6943],[29.9934,-18.6965],[29.9892,-18.6951],[29.9809,-18.6897],[29.9767,-18.6805],[29.9745,-18.683],[29.9686,-18.6836],[29.9541,-18.6923],[29.9488,-18.6876],[29.9466,-18.6873],[29.9402,-18.6934],[29.9366,-18.6939],[29.9329,-18.6889],[29.9314,-18.6888],[29.9263,-18.6946],[29.9256,-18.7016],[29.9236,-18.7036],[29.915,-18.703],[29.9133,-18.7016],[29.9125,-18.6965],[29.91,-18.6947],[29.9041,-18.6957],[29.8912,-18.7031],[29.8895,-18.6957],[29.884,-18.696],[29.8796,-18.6898],[29.8706,-18.6874],[29.8648,-18.6837],[29.8614,-18.6854],[29.8588,-18.6904],[29.8557,-18.6908],[29.8539,-18.6831],[29.8504,-18.6775],[29.8423,-18.6715],[29.8353,-18.6728],[29.8332,-18.6799],[29.8298,-18.682],[29.8264,-18.6812],[29.8145,-18.6738],[29.8061,-18.6747],[29.8037,-18.6719],[29.7999,-18.6611],[29.8011,-18.6546],[29.8001,-18.6511],[29.7936,-18.6467],[29.7885,-18.6498],[29.7811,-18.6492],[29.7814,-18.6452],[29.7769,-18.6416],[29.7759,-18.6387],[29.7771,-18.6303],[29.7627,-18.6339],[29.7569,-18.6378],[29.7507,-18.6455],[29.7431,-18.6456],[29.736,-18.6429],[29.7345,-18.6299],[29.7355,-18.6192],[29.7305,-18.6111],[29.7201,-18.6109],[29.7077,-18.6156],[29.6995,-18.6105],[29.6961,-18.6102],[29.6906,-18.6139],[29.6765,-18.6103],[29.6694,-18.605],[29.6655,-18.604],[29.6534,-18.6152],[29.6483,-18.6167],[29.6437,-18.6135],[29.6398,-18.6147],[29.6358,-18.6129],[29.6257,-18.6005],[29.6182,-18.5993],[29.612,-18.5919],[29.5969,-18.5798],[29.589,-18.5775],[29.5814,-18.5777],[29.5756,-18.5792],[29.5713,-18.5847],[29.5682,-18.5848],[29.5645,-18.5825],[29.5575,-18.5822],[29.5544,-18.5798],[29.554,-18.5702],[29.5471,-18.5543],[29.5449,-18.5357],[29.545,-18.5287],[29.5521,-18.5214],[29.5541,-18.5141],[29.5514,-18.5001],[29.5537,-18.4885],[29.5473,-18.4827],[29.5515,-18.4769],[29.5455,-18.4542],[29.55,-18.4457],[29.559,-18.4435],[29.5604,-18.4324],[29.5635,-18.4277],[29.5674,-18.4269],[29.5676,-18.4245],[29.5643,-18.4188],[29.5643,-18.4068],[29.576,-18.3796],[29.5775,-18.3688],[29.5752,-18.3586],[29.5675,-18.3541],[29.5585,-18.3578],[29.5533,-18.3559],[29.5478,-18.3564],[29.5428,-18.3524],[29.5379,-18.3425],[29.5332,-18.337],[29.499,-18.3196],[29.4856,-18.3051],[29.4814,-18.3051],[29.4714,-18.2988],[29.4649,-18.2991],[29.4607,-18.2977],[29.4418,-18.2852],[29.4284,-18.2841],[29.4241,-18.2784],[29.4128,-18.2687],[29.4056,-18.2653],[29.3928,-18.2555],[29.3856,-18.2565],[29.3767,-18.2604],[29.3659,-18.262],[29.3608,-18.2604],[29.3588,-18.258],[29.3547,-18.2387],[29.3478,-18.225],[29.3476,-18.2171],[29.3259,-18.2134],[29.3183,-18.2098],[29.3038,-18.1949],[29.2916,-18.1876],[29.2852,-18.1821],[29.2754,-18.1782],[29.2728,-18.1757],[29.2712,-18.1682],[29.2634,-18.1505],[29.2591,-18.1467],[29.2506,-18.1275],[29.2523,-18.118],[29.2449,-18.109],[29.2444,-18.0993],[29.238,-18.0928],[29.2303,-18.0904],[29.2275,-18.0876],[29.2264,-18.08],[29.2236,-18.0744],[29.2233,-18.0679],[29.217,-18.0532],[29.2135,-18.0403],[29.213,-18.0298],[29.2048,-18.0159],[29.2048,-18.0069],[29.2079,-17.9976],[29.2174,-17.9916],[29.2148,-17.9796],[29.2128,-17.976],[29.2131,-17.9707],[29.2219,-17.9642],[29.2268,-17.9632],[29.2293,-17.9583],[29.2292,-17.957],[29.221,-17.9526],[29.2201,-17.9492],[29.2317,-17.9376],[29.2382,-17.9282],[29.2454,-17.9099],[29.2478,-17.8992],[29.26,-17.8792],[29.2638,-17.8753],[29.2667,-17.8674],[29.2653,-17.8565],[29.2667,-17.8533],[29.2834,-17.8411],[29.2916,-17.7958],[29.2905,-17.7867],[29.2978,-17.7786],[29.301,-17.777],[29.3164,-17.7756],[29.319,-17.7739],[29.3273,-17.7656],[29.3287,-17.7604],[29.3269,-17.7548],[29.3233,-17.7526],[29.3199,-17.7522],[29.3118,-17.7547],[29.3072,-17.754],[29.3006,-17.7482],[29.2988,-17.7417],[29.3067,-17.7316],[29.3041,-17.7192],[29.3054,-17.7164],[29.3339,-17.704],[29.3459,-17.6895],[29.3462,-17.6861],[29.3386,-17.6795],[29.3352,-17.6671],[29.3356,-17.6643],[29.3447,-17.6585],[29.3474,-17.6517],[29.3463,-17.6492],[29.3405,-17.6463],[29.3402,-17.6446],[29.3425,-17.6394],[29.3404,-17.6258],[29.3443,-17.6165],[29.3383,-17.6109],[29.3299,-17.5993],[29.3221,-17.6006],[29.3208,-17.5993],[29.315,-17.5835],[29.3143,-17.5767],[29.3161,-17.574],[29.3244,-17.5697],[29.3295,-17.5696],[29.3334,-17.5676],[29.3449,-17.552],[29.3673,-17.5322],[29.3699,-17.5271],[29.3672,-17.5218],[29.3674,-17.5181],[29.3777,-17.5134],[29.3929,-17.5002],[29.4046,-17.4801],[29.4065,-17.4736],[29.4065,-17.4666],[29.4049,-17.4659],[29.3913,-17.4725],[29.3861,-17.4724],[29.3685,-17.4651],[29.3612,-17.4605],[29.3534,-17.4467],[29.3388,-17.4394],[29.3325,-17.4322],[29.3284,-17.4159],[29.3195,-17.4127],[29.3152,-17.4074],[29.3087,-17.4038],[29.295,-17.3905],[29.2802,-17.3813],[29.276,-17.3707],[29.2763,-17.3606],[29.2783,-17.3569],[29.2785,-17.3524],[29.2724,-17.3408],[29.2709,-17.3312],[29.2648,-17.3256],[29.2515,-17.3172],[29.2422,-17.3034],[29.2381,-17.2999],[29.2327,-17.2968],[29.2284,-17.2966],[29.2134,-17.3055],[29.2026,-17.3064],[29.1861,-17.3048],[29.1747,-17.301],[29.1624,-17.2995],[29.1481,-17.2922],[29.1278,-17.2853],[29.1166,-17.2844],[29.1149,-17.2792],[29.1057,-17.2702],[29.1004,-17.269],[29.0975,-17.2712],[29.0732,-17.2714],[29.0706,-17.2682],[29.0703,-17.2563],[29.0667,-17.249],[29.0578,-17.2483],[29.0488,-17.2401],[29.0443,-17.2385],[29.0274,-17.2362],[29.0216,-17.2276],[29.0177,-17.2246],[29.0002,-17.2234],[28.9872,-17.2249],[28.9816,-17.2239],[28.9768,-17.2204],[28.9723,-17.2125],[28.9682,-17.2108],[28.9618,-17.2035],[28.9561,-17.1807],[28.9503,-17.1737],[28.948,-17.1655],[28.9418,-17.1641],[28.938,-17.1605],[28.9365,-17.1513],[28.9315,-17.1389],[28.9322,-17.132],[28.9246,-17.1171],[28.9227,-17.1198],[28.9226,-17.1254],[28.9161,-17.1374],[28.9091,-17.1419],[28.9004,-17.1411],[28.8919,-17.1474],[28.8908,-17.1515],[28.8853,-17.1539],[28.8815,-17.1519],[28.873,-17.1522],[28.865,-17.1489],[28.8592,-17.1552],[28.855,-17.1534],[28.8514,-17.1548],[28.8428,-17.1518],[28.8339,-17.1507],[28.8321,-17.1474],[28.8232,-17.1476],[28.8108,-17.1506],[28.8079,-17.1501],[28.8029,-17.1524],[28.8014,-17.1579],[28.7983,-17.1603],[28.7937,-17.1559],[28.7916,-17.1564],[28.7869,-17.1625],[28.7833,-17.1586],[28.7791,-17.1576],[28.777,-17.1637],[28.7737,-17.1644],[28.7708,-17.1637],[28.766,-17.1566],[28.7592,-17.1594],[28.7561,-17.1584],[28.7529,-17.1594],[28.7489,-17.1618],[28.749,-17.1673],[28.7435,-17.1771],[28.742,-17.1784],[28.735,-17.1784],[28.7327,-17.184],[28.7258,-17.1904],[28.723,-17.1924],[28.7182,-17.193],[28.7147,-17.1957],[28.7109,-17.202],[28.7132,-17.2052],[28.7132,-17.2136],[28.7123,-17.2153],[28.7097,-17.2136],[28.7094,-17.2163],[28.7083,-17.216],[28.7078,-17.2112],[28.7033,-17.2123],[28.7039,-17.2155],[28.7025,-17.216],[28.7005,-17.2131],[28.6898,-17.2087],[28.6847,-17.2091],[28.6788,-17.2036],[28.6715,-17.2004],[28.6684,-17.2103],[28.6701,-17.2125],[28.6641,-17.2244],[28.664,-17.2286],[28.6614,-17.2311],[28.6634,-17.234],[28.6633,-17.2369],[28.6575,-17.2401],[28.6383,-17.2668],[28.6383,-17.2733],[28.6352,-17.2769],[28.6319,-17.2876],[28.635,-17.2917],[28.6352,-17.2967],[28.6382,-17.3001],[28.6369,-17.3025],[28.6292,-17.3097],[28.6206,-17.313],[28.6134,-17.3123],[28.6067,-17.316],[28.6009,-17.329],[28.5928,-17.3365],[28.5901,-17.3439],[28.5747,-17.3595],[28.5616,-17.3754],[28.5545,-17.3889],[28.5437,-17.3996],[28.5389,-17.4017],[28.5395,-17.4058],[28.5447,-17.4109],[28.5409,-17.4134],[28.5346,-17.4138],[28.5299,-17.4111],[28.5271,-17.4133],[28.5245,-17.411],[28.523,-17.413],[28.5175,-17.4057],[28.509,-17.4008],[28.5077,-17.3979],[28.5046,-17.3988],[28.5031,-17.3907],[28.4992,-17.3859],[28.4861,-17.3863],[28.4804,-17.383],[28.4744,-17.3843],[28.4769,-17.3792],[28.4732,-17.3782],[28.4687,-17.3734],[28.4636,-17.372],[28.4665,-17.3673],[28.4657,-17.3656],[28.4576,-17.3685],[28.456,-17.3704],[28.4588,-17.3747],[28.4589,-17.378],[28.4379,-17.3711],[28.4327,-17.373],[28.3511,-17.3842],[28.3485,-17.3854],[28.3436,-17.3932],[28.3403,-17.3956],[28.3387,-17.3957],[28.3377,-17.3935],[28.3344,-17.3943],[28.3273,-17.4015],[28.325,-17.4012],[28.3229,-17.3985],[28.3196,-17.3993],[28.3152,-17.3978],[28.3042,-17.4005],[28.3014,-17.3995],[28.3002,-17.3957],[28.2973,-17.3942],[28.2904,-17.3993],[28.2864,-17.4003],[28.2835,-17.3992],[28.2796,-17.3942],[28.265,-17.401],[28.2579,-17.3998],[28.2531,-17.4021],[28.2504,-17.401],[28.2474,-17.4036],[28.245,-17.4222],[28.2435,-17.4251],[28.2512,-17.4391],[28.2512,-17.4462],[28.2396,-17.4582],[28.2317,-17.4641],[28.2277,-17.4693],[28.2227,-17.4881],[28.2269,-17.504],[28.2166,-17.5122],[28.2144,-17.5193],[28.2087,-17.5259],[28.2078,-17.534],[28.2094,-17.5407],[28.2046,-17.5443],[28.2087,-17.5531],[28.2078,-17.5578],[28.2098,-17.5615],[28.2022,-17.5765],[28.2032,-17.5772],[28.2072,-17.5746],[28.2133,-17.5758],[28.2163,-17.5748],[28.2185,-17.5763],[28.2188,-17.5803],[28.2167,-17.5867],[28.2127,-17.5911],[28.2089,-17.6026],[28.2054,-17.6062],[28.2039,-17.6102],[28.2016,-17.6106],[28.1979,-17.6158],[28.1957,-17.6474],[28.197,-17.6577],[28.1931,-17.6628],[28.1948,-17.6665],[28.1914,-17.6689],[28.1901,-17.6736],[28.181,-17.6794],[28.1843,-17.6855],[28.1823,-17.6946],[28.1717,-17.7006],[28.1652,-17.7144],[28.1433,-17.7374],[28.1388,-17.7377],[28.1292,-17.7301],[28.1167,-17.7272],[28.1088,-17.7326],[28.1047,-17.732],[28.1016,-17.7336],[28.0967,-17.7426],[28.0937,-17.7444],[28.0962,-17.7462],[28.0971,-17.7503],[28.0935,-17.758],[28.0699,-17.7895],[28.0743,-17.7922],[28.0808,-17.8244],[28.085,-17.8319],[28.0888,-17.8342],[28.0912,-17.8383],[28.0886,-17.8505],[28.0862,-17.8537],[28.0864,-17.8576],[28.0817,-17.863],[28.0809,-17.8692],[28.0768,-17.8724],[28.0796,-17.8912],[28.0735,-17.8997],[28.0735,-17.9038],[28.0693,-17.9107],[28.0687,-17.9197],[28.0659,-17.9285],[28.0685,-17.9366],[28.0522,-17.9389],[28.0499,-17.9405],[28.0433,-17.9604],[28.023,-17.9832],[28.0127,-17.9995],[28.0083,-18.0181],[28.0176,-18.0407],[28.0256,-18.049],[28.0304,-18.0611],[28.0376,-18.0634],[28.0502,-18.0527],[28.0709,-18.0594],[28.0678,-18.0716],[28.0687,-18.0944],[28.072,-18.1043],[28.0688,-18.1088],[28.0698,-18.1377],[28.0492,-18.15],[28.0469,-18.1607],[28.0541,-18.1682],[28.051,-18.1804],[28.0733,-18.1818],[28.1019,-18.1862],[28.1067,-18.19],[28.1099,-18.19],[28.1068,-18.1961],[28.0981,-18.2052],[28.0901,-18.2068],[28.0599,-18.2024],[28.0273,-18.2056],[28.002,-18.2232],[27.9975,-18.2372],[27.9987,-18.2382],[27.9988,-18.3489],[28.0012,-18.3502],[28.0013,-18.3631],[27.9999,-18.4632],[28.0013,-18.4807],[27.9999,-18.4978],[28.0013,-18.4989],[28.002,-18.518],[27.999,-18.5212],[28.0009,-18.532],[27.9995,-18.5467],[28.0087,-18.55],[28.0155,-18.5486],[28.0238,-18.5512],[28.0303,-18.5514],[28.0353,-18.5482],[28.0423,-18.5466],[28.0483,-18.5469],[28.0501,-18.5484],[28.0586,-18.547],[28.063,-18.5483],[28.065,-18.5522],[28.0711,-18.5529],[28.0738,-18.5519],[28.0779,-18.5465],[28.0862,-18.541],[28.0957,-18.5433],[28.1002,-18.5386],[28.1048,-18.5392],[28.108,-18.5414],[28.1112,-18.5383],[28.1137,-18.5403],[28.1165,-18.5398],[28.12,-18.545],[28.131,-18.5462],[28.1334,-18.5453],[28.1422,-18.5488],[28.1523,-18.5581],[28.1637,-18.5517],[28.1736,-18.5533],[28.1791,-18.5521],[28.1865,-18.5543],[28.1889,-18.5574],[28.1975,-18.5598],[28.2025,-18.5573],[28.207,-18.5572],[28.2098,-18.5598],[28.2129,-18.5599],[28.2171,-18.5645],[28.2218,-18.5658],[28.2266,-18.564],[28.2287,-18.5659],[28.236,-18.5641],[28.2429,-18.5673],[28.2445,-18.5646],[28.2472,-18.5656],[28.2582,-18.5625],[28.259,-18.5608],[28.2714,-18.5657],[28.2811,-18.564],[28.2869,-18.5646],[28.2892,-18.5667],[28.2936,-18.5641],[28.3,-18.5657],[28.3052,-18.5633],[28.3141,-18.563],[28.3296,-18.5698],[28.3333,-18.5663],[28.3359,-18.566],[28.3373,-18.5683],[28.3427,-18.5678],[28.3514,-18.5643],[28.3624,-18.5649],[28.3669,-18.5633],[28.3682,-18.565],[28.3716,-18.5626],[28.378,-18.5636],[28.3835,-18.5615],[28.3889,-18.5643],[28.395,-18.5599],[28.3963,-18.5611],[28.4065,-18.5607],[28.4074,-18.5584],[28.4108,-18.5595],[28.4114,-18.5613],[28.4295,-18.5657],[28.4384,-18.5639],[28.4424,-18.5664],[28.4511,-18.5627],[28.458,-18.5677],[28.4604,-18.5632],[28.4639,-18.5644],[28.4652,-18.5628],[28.4729,-18.5655],[28.476,-18.5611],[28.4816,-18.5645],[28.4846,-18.5648],[28.4878,-18.5611],[28.4985,-18.5622],[28.5026,-18.5598],[28.51,-18.559],[28.5121,-18.5601],[28.5172,-18.5589],[28.5374,-18.5595],[28.5415,-18.5584],[28.5516,-18.5597],[28.5552,-18.5572],[28.5623,-18.5567],[28.5672,-18.5579],[28.5716,-18.5553],[28.5748,-18.5596],[28.5819,-18.5616],[28.5886,-18.559],[28.5948,-18.5628],[28.5997,-18.5627],[28.6086,-18.5588],[28.6135,-18.5609],[28.6188,-18.5605],[28.6237,-18.5574],[28.6324,-18.5578],[28.6447,-18.5619],[28.6495,-18.5607],[28.652,-18.5568],[28.6567,-18.5537],[28.6628,-18.5519],[28.6807,-18.5507],[28.6926,-18.5558],[28.7116,-18.5585],[28.7172,-18.5616],[28.7423,-18.5699],[28.7506,-18.5707],[28.8657,-18.5747],[28.9414,-18.5754],[29.0086,-18.5805],[29.0903,-18.5786],[29.1289,-18.6123],[29.1255,-18.6334],[29.0019,-18.6805],[29.0008,-18.6799],[28.9229,-18.7089],[28.8669,-18.7233],[28.9076,-18.8835],[28.9377,-19.0099],[28.9395,-19.0133],[28.9511,-19.0201],[28.9602,-19.0212],[28.9651,-19.0187],[28.9716,-19.021],[28.9776,-19.021],[28.9783,-19.0241],[28.975,-19.0314],[28.9747,-19.0367],[28.9827,-19.0397],[28.9867,-19.0433],[28.9924,-19.0583],[29.0018,-19.0648],[29.0041,-19.0742],[29.0111,-19.0852],[29.0095,-19.0898],[29.0112,-19.0917],[29.0148,-19.0921],[29.0157,-19.0997],[29.0173,-19.1024],[29.0166,-19.1051],[29.011,-19.1074],[29.011,-19.112],[29.0058,-19.1179],[29.0031,-19.1259],[29.0084,-19.1297],[29.0061,-19.1359],[29.0009,-19.1413],[28.9995,-19.1582],[29.0011,-19.1616],[29.0008,-19.1655],[29.0061,-19.1761],[29.001,-19.1823],[29.0042,-19.1857],[29.0047,-19.1923],[29.0028,-19.1956],[29.0154,-19.2078],[29.0166,-19.2195],[29.0214,-19.2243],[29.0328,-19.2424],[29.0189,-19.2588],[29.017,-19.2679],[29.021,-19.2744],[29.0197,-19.2849],[29.0217,-19.2894],[29.0289,-19.295],[29.0336,-19.3033],[29.0342,-19.3104],[29.0478,-19.3119],[29.0536,-19.3193],[29.058,-19.331],[29.0721,-19.3397],[29.0712,-19.3472],[29.0728,-19.3505],[29.0855,-19.3599],[29.09,-19.3663],[29.092,-19.3735],[29.1047,-19.3786],[29.1212,-19.3894],[29.129,-19.3887],[29.1487,-19.3951],[29.1554,-19.4016],[29.1566,-19.4079],[29.1632,-19.4227],[29.175,-19.434],[29.182,-19.4372],[29.1934,-19.4479],[29.1962,-19.4586],[29.2007,-19.4613],[29.2073,-19.4595],[29.2167,-19.4702],[29.2192,-19.476],[29.2267,-19.4798],[29.2319,-19.4805],[29.2399,-19.4841],[29.2437,-19.49],[29.246,-19.4981],[29.2538,-19.5026],[29.2579,-19.512],[29.2651,-19.5149],[29.2711,-19.524],[29.2748,-19.526],[29.2798,-19.5323],[29.2795,-19.5455],[29.2815,-19.5522],[29.2823,-19.5651],[29.2853,-19.5677],[29.292,-19.5687],[29.2959,-19.5728],[29.3015,-19.5743],[29.3007,-19.577],[29.2956,-19.5812],[29.2955,-19.5835],[29.3076,-19.5953],[29.307,-19.6011],[29.3128,-19.6036],[29.3167,-19.6092],[29.3152,-19.6133],[29.3165,-19.6173],[29.3174,-19.6185],[29.322,-19.6185],[29.3482,-19.6317],[29.3568,-19.6414],[29.3544,-19.6432],[29.3564,-19.6444],[29.3563,-19.6468],[29.3588,-19.6496],[29.3588,-19.6523],[29.3567,-19.6549],[29.3618,-19.6606],[29.3599,-19.6624],[29.3597,-19.669],[29.3631,-19.6791],[29.3703,-19.6777],[29.3769,-19.6882],[29.3867,-19.6904],[29.3892,-19.6938],[29.3922,-19.6936],[29.4015,-19.699],[29.4007,-19.7032],[29.4041,-19.7095],[29.404,-19.713],[29.4064,-19.7144],[29.4036,-19.7171],[29.4035,-19.7193],[29.4065,-19.7221],[29.4075,-19.7272],[29.413,-19.7333],[29.4136,-19.7435],[29.4095,-19.7478],[29.4121,-19.752],[29.4151,-19.7524],[29.4153,-19.7505],[29.4168,-19.7504],[29.4236,-19.7567],[29.4234,-19.7583],[29.4211,-19.7586],[29.416,-19.7636],[29.416,-19.7652],[29.4184,-19.7659],[29.4155,-19.7726],[29.4128,-19.8068],[29.4037,-19.8183],[29.4032,-19.8427],[29.4138,-19.8871],[29.4454,-19.8638],[29.4724,-19.8478],[29.5024,-19.8614],[29.5176,-19.8635],[29.5312,-19.8706],[29.5429,-19.8749],[29.5622,-19.8861],[29.5822,-19.9182],[29.5985,-19.9342],[29.6061,-19.935],[29.6185,-19.9322],[29.6541,-19.9122],[29.6639,-19.9083],[29.6802,-19.9051],[29.6874,-19.9289],[29.6952,-19.9722],[29.711,-19.9729],[29.7528,-19.9551],[29.7977,-19.9449],[29.7982,-19.9526],[29.8014,-19.9541],[29.8004,-20.0032],[29.8094,-20.0001],[29.8756,-20.0057],[29.8734,-20.0614],[29.8408,-20.106],[29.816,-20.1592],[29.7921,-20.2155],[29.7922,-20.2392],[29.7874,-20.2487],[29.7782,-20.2846],[29.7309,-20.3915],[29.7312,-20.4556],[29.7134,-20.4736],[29.7077,-20.4988],[29.7011,-20.5162],[29.6053,-20.5753],[29.6203,-20.5952],[29.5845,-20.6043],[29.5968,-20.6506],[29.6079,-20.6682],[29.6617,-20.6547],[29.6636,-20.655],[29.6754,-20.6705],[29.6668,-20.7127],[29.6506,-20.7557],[29.6375,-20.8285],[29.6243,-20.8912],[29.5857,-20.926],[29.5414,-20.9534],[29.4894,-20.9953],[29.4816,-20.9991],[29.4578,-21.0156],[29.4995,-21.0284],[29.5345,-21.0368],[29.5925,-21.0405],[29.6896,-21.0213],[29.7307,-21.0229],[29.7674,-21.0324],[29.7846,-21.0315],[29.8236,-21.0129],[29.841,-20.9948],[29.8457,-20.9925],[29.8823,-20.9586],[29.9029,-20.9454],[29.9274,-20.9228],[29.9431,-20.9153],[29.9468,-20.9117],[29.9543,-20.9153],[29.9707,-20.9094],[29.9876,-20.9114],[29.9911,-20.9181],[30.0109,-20.931],[30.0492,-20.9593],[30.0595,-20.9603],[30.0688,-20.9663],[30.0673,-20.9745],[30.0712,-20.9875],[30.0736,-20.9901],[30.109,-21.007],[30.1251,-21.0071],[30.1313,-21.0084],[30.1419,-21.0165],[30.1465,-21.022],[30.1659,-21.0345],[30.1694,-21.0338],[30.1726,-21.03],[30.1794,-21.0278],[30.1948,-21.0381],[30.2095,-21.0321],[30.2171,-21.0317],[30.2294,-21.0374],[30.233,-21.0373],[30.2426,-21.0406],[30.2501,-21.041],[30.2533,-21.0298],[30.2817,-21.0194],[30.288,-21.0272],[30.3009,-21.0366],[30.3089,-21.0307],[30.3163,-21.0301],[30.3372,-21.0431],[30.3426,-21.0434],[30.3568,-21.0399],[30.3572,-21.0379],[30.3637,-21.0354],[30.3719,-21.0256],[30.3783,-21.0204],[30.3813,-21.019],[30.3934,-21.0195],[30.3965,-21.0146],[30.3958,-21.0097],[30.398,-21.0071],[30.4011,-21.0061],[30.4027,-20.9998],[30.4093,-20.9993],[30.4175,-20.9865],[30.4452,-20.9625],[30.4427,-20.9392],[30.4434,-20.9231],[30.4477,-20.9095],[30.4488,-20.894],[30.4534,-20.8826],[30.4508,-20.8692],[30.4543,-20.8311],[30.466,-20.7905],[30.4691,-20.7696],[30.4734,-20.7563],[30.4801,-20.7484],[30.4786,-20.7407],[30.4814,-20.7151],[30.4869,-20.7049],[30.4975,-20.6974],[30.5098,-20.6919],[30.5199,-20.6823],[30.5116,-20.681],[30.4925,-20.684],[30.4815,-20.6802],[30.4788,-20.6761],[30.4815,-20.6659],[30.4814,-20.6611],[30.4788,-20.6563],[30.4769,-20.6544],[30.467,-20.6524],[30.4583,-20.6467],[30.4506,-20.6329],[30.4504,-20.6268],[30.449,-20.6249],[30.4514,-20.6237],[30.4538,-20.6173],[30.4495,-20.6092],[30.4512,-20.5963],[30.4506,-20.5895],[30.4493,-20.5827],[30.4449,-20.5757],[30.4449,-20.573],[30.4481,-20.5657],[30.4525,-20.5629],[30.4603,-20.5629],[30.461,-20.5566],[30.4438,-20.528],[30.421,-20.4993],[30.4123,-20.4912],[30.411,-20.4878],[30.4141,-20.4813],[30.4135,-20.4777],[30.3941,-20.4574],[30.3902,-20.4564],[30.3756,-20.4411],[30.3717,-20.4389],[30.3681,-20.4311],[30.3643,-20.4274],[30.3602,-20.4161],[30.358,-20.4155],[30.3524,-20.4199],[30.3452,-20.4231],[30.3391,-20.4181],[30.3227,-20.3964],[30.3183,-20.3876],[30.3201,-20.3713],[30.3138,-20.3649],[30.2868,-20.3566],[30.2819,-20.357],[30.2739,-20.3538],[30.2615,-20.3536],[30.258,-20.3523],[30.244,-20.3357],[30.2436,-20.322],[30.2602,-20.2835],[30.2613,-20.2764],[30.2671,-20.272],[30.2692,-20.2651],[30.2681,-20.2627],[30.2748,-20.2569],[30.2751,-20.2512],[30.2795,-20.2425],[30.2773,-20.2374],[30.2786,-20.2316],[30.2778,-20.229],[30.1978,-20.1717],[30.1585,-20.2065],[30.1565,-20.2073],[30.1553,-20.202],[30.1536,-20.2004],[30.1481,-20.1992],[30.1523,-20.1906],[30.16,-20.1877],[30.1606,-20.1759],[30.164,-20.1695],[30.1667,-20.155],[30.1619,-20.1352],[30.1582,-20.1267],[30.1618,-20.1224],[30.1666,-20.1211],[30.1683,-20.1188],[30.1719,-20.1082],[30.1759,-20.1038],[30.1767,-20.1001],[30.1798,-20.0989],[30.1853,-20.0995],[30.1875,-20.098],[30.1874,-20.0942],[30.185,-20.0891],[30.1863,-20.0844],[30.1853,-20.0806],[30.1882,-20.0717],[30.1917,-20.0673],[30.1904,-20.0653],[30.1852,-20.0635],[30.1707,-20.0545],[30.1668,-20.0436],[30.1604,-20.044],[30.151,-20.0365],[30.144,-20.0333],[30.143,-20.0265],[30.1445,-20.0242],[30.1501,-20.0233],[30.2198,-20.0168],[30.2238,-20.0125],[30.2507,-20.0063],[30.3221,-19.9996],[30.3342,-19.9928],[30.3548,-19.9974],[30.431,-19.9901],[30.4314,-19.9861],[30.4279,-19.985],[30.4333,-19.9622],[30.4325,-19.9612],[30.4258,-19.9629],[30.4227,-19.9612],[30.4263,-19.9521],[30.4254,-19.9433],[30.4274,-19.941],[30.4288,-19.9424],[30.4307,-19.9375],[30.4429,-19.9398],[30.4504,-19.9298],[30.4529,-19.9324],[30.4549,-19.9324],[30.4562,-19.9308],[30.4558,-19.9243],[30.457,-19.9219],[30.4616,-19.919],[30.4664,-19.9086],[30.4705,-19.9037],[30.4696,-19.9008],[30.4645,-19.9022],[30.4577,-19.8949],[30.4545,-19.8952],[30.4549,-19.8931],[30.4586,-19.891],[30.4595,-19.8861],[30.4573,-19.8854],[30.4544,-19.887],[30.4512,-19.8849],[30.4508,-19.8831],[30.4544,-19.8773],[30.4482,-19.8694],[30.4548,-19.8675],[30.459,-19.8631],[30.4554,-19.8579],[30.4559,-19.8541],[30.4539,-19.8499],[30.459,-19.8457],[30.4599,-19.8397],[30.4695,-19.8423],[30.522,-19.8365],[30.6339,-19.8664],[30.6865,-19.8614],[30.6868,-19.8588],[30.6926,-19.856],[30.6934,-19.8539],[30.6922,-19.8518],[30.6806,-19.8463],[30.6778,-19.8419],[30.6791,-19.8302],[30.6831,-19.8244],[30.6803,-19.8234],[30.6779,-19.8182],[30.6776,-19.8134],[30.6811,-19.8092],[30.6788,-19.8022],[30.6802,-19.7951],[30.6841,-19.7901],[30.6835,-19.7847],[30.6928,-19.7795],[30.6926,-19.773],[30.6883,-19.7564],[30.6902,-19.7484],[30.6956,-19.7442],[30.7047,-19.7441],[30.6986,-19.73],[30.6992,-19.7228],[30.6961,-19.7181],[30.6965,-19.6911],[30.7055,-19.6866],[30.7055,-19.6589],[30.7094,-19.6369],[30.6972,-19.6063],[30.6872,-19.5879],[30.6949,-19.5804],[30.6978,-19.5689],[30.7127,-19.5589],[30.7092,-19.5538],[30.7097,-19.5478],[30.7157,-19.5386],[30.719,-19.5301],[30.7201,-19.5211],[30.7182,-19.4637],[30.7093,-19.4565],[30.714,-19.429],[30.7534,-19.4374],[30.7541,-19.4225],[30.76,-19.4145],[30.7552,-19.4068],[30.7584,-19.4026],[30.6957,-19.3958],[30.6989,-19.3912],[30.8705,-19.2605],[30.846,-19.2528],[30.831,-19.2442],[30.8089,-19.2499],[30.8039,-19.243],[30.7925,-19.2348],[30.7912,-19.2314],[30.7896,-19.2322],[30.7856,-19.2292],[30.7847,-19.2242],[30.7805,-19.224],[30.7745,-19.2199],[30.7719,-19.2148],[30.7659,-19.2156],[30.7638,-19.2128],[30.7633,-19.2075],[30.7567,-19.2063],[30.7522,-19.2036],[30.7519,-19.1998],[30.7444,-19.1937],[30.7376,-19.1802],[30.7315,-19.1805],[30.735,-19.179],[30.7234,-19.1321],[30.7362,-19.1339],[30.7403,-19.1301],[30.7451,-19.1295],[30.7499,-19.1321],[30.7185,-19.0879],[30.6747,-19.0208],[30.6935,-18.9961],[30.7124,-18.9766],[30.6771,-18.9639],[30.6866,-18.9568],[30.6883,-18.9581],[30.6931,-18.9578],[30.6956,-18.9543],[30.6924,-18.9521],[30.6787,-18.9322],[30.6542,-18.8845],[30.6356,-18.9078],[30.6304,-18.9005],[30.5953,-18.9231],[30.575,-18.9405],[30.5634,-18.9356],[30.5544,-18.928],[30.5549,-18.9256],[30.5814,-18.9056],[30.5575,-18.8768]]]}}]}